Theoretical Angle (deg),IMU Angle (deg),ADC Value,Rotary Encoder
70.0,-4.56,-103.0,515.0
70.0,-4.56,-103.0,515.0
70.0,-4.56,-103.0,515.0
70.0,-4.56,-103.0,515.0
70.0,-4.56,-104.0,515.0
70.0,-4.56,-103.0,515.0
70.0,-4.56,-103.0,515.0
70.0,-4.56,-103.0,515.0
70.0,-4.56,-103.0,515.0
70.0,-4.56,-103.0,515.0
70.0,-4.56,-104.0,515.0
100.0,100.0,100.0,100.0
70.0,-3.75,-104.0,515.0
70.0,-3.88,-103.0,515.0
70.0,-4.0,-104.0,514.0
70.0,-4.06,-104.0,515.0
70.0,-4.19,-104.0,515.0
70.0,-4.25,-104.0,515.0
70.0,-4.25,-104.0,515.0
70.0,-4.38,-104.0,515.0
70.0,-4.38,-104.0,515.0
70.0,-4.38,-104.0,515.0
70.0,-4.38,-104.0,515.0
70.0,-4.38,-104.0,515.0
70.0,-4.38,-104.0,515.0
70.0,-4.38,-104.0,515.0
70.0,-4.38,-104.0,515.0
70.0,-4.38,-104.0,515.0
70.0,-4.38,-104.0,515.0
70.0,-4.38,-104.0,515.0
70.0,-4.38,-104.0,515.0
70.0,-4.38,-104.0,515.0
70.0,-4.38,-104.0,515.0
70.0,-4.38,-104.0,515.0
70.0,-4.38,-104.0,515.0
70.0,-4.38,-104.0,514.0
70.0,-4.38,-104.0,515.0
70.0,-4.38,-104.0,515.0
70.0,-4.38,-104.0,515.0
70.0,-4.38,-104.0,515.0
70.0,-4.38,-104.0,515.0
70.0,-4.38,-104.0,515.0
70.0,-4.38,-104.0,515.0
70.0,-4.38,-104.0,515.0
70.0,-4.38,-104.0,515.0
70.0,-4.38,-104.0,515.0
60.0,-17.0,-109.0,476.0
60.0,-17.0,-110.0,476.0
60.0,-17.0,-109.0,477.0
60.0,-17.0,-109.0,477.0
60.0,-17.0,-109.0,477.0
60.0,-17.0,-109.0,476.0
60.0,-17.0,-109.0,477.0
60.0,-17.0,-109.0,477.0
60.0,-17.0,-109.0,476.0
60.0,-17.0,-109.0,476.0
60.0,-17.0,-109.0,477.0
60.0,-17.0,-109.0,476.0
60.0,-17.0,-109.0,477.0
60.0,-17.0,-109.0,476.0
60.0,-17.0,-109.0,476.0
60.0,-17.0,-109.0,476.0
60.0,-17.0,-109.0,477.0
60.0,-17.0,-109.0,477.0
60.0,-17.0,-109.0,477.0
60.0,-17.0,-109.0,476.0
60.0,-17.0,-109.0,477.0
60.0,-17.0,-109.0,477.0
60.0,-17.0,-109.0,477.0
60.0,-17.0,-109.0,477.0
60.0,-17.0,-109.0,476.0
60.0,-17.0,-109.0,477.0
60.0,-17.0,-109.0,476.0
60.0,-17.0,-109.0,476.0
60.0,-17.0,-109.0,476.0
60.0,-17.0,-109.0,476.0
60.0,-17.0,-109.0,477.0
60.0,-17.0,-109.0,476.0
60.0,-17.0,-109.0,476.0
60.0,-17.0,-109.0,476.0
60.0,-17.0,-109.0,477.0
60.0,-17.0,-109.0,477.0
60.0,-17.0,-109.0,477.0
60.0,-17.0,-109.0,477.0
60.0,-17.0,-109.0,477.0
60.0,-17.0,-109.0,477.0
60.0,-17.0,-109.0,477.0
60.0,-17.0,-109.0,477.0
60.0,-17.0,-109.0,476.0
60.0,-17.0,-109.0,477.0
60.0,-17.0,-109.0,477.0
60.0,-17.0,-109.0,476.0
60.0,-17.0,-109.0,477.0
60.0,-17.0,-109.0,477.0
60.0,-17.0,-109.0,477.0
60.0,-17.0,-109.0,477.0
50.0,-30.5,-117.0,432.0
50.0,-30.5,-117.0,433.0
50.0,-30.5,-117.0,433.0
50.0,-30.5,-117.0,433.0
50.0,-30.5,-117.0,433.0
50.0,-30.5,-117.0,433.0
50.0,-30.5,-117.0,433.0
50.0,-30.5,-117.0,433.0
50.0,-30.5,-117.0,432.0
50.0,-30.5,-117.0,433.0
50.0,-30.5,-117.0,433.0
50.0,-30.5,-117.0,432.0
50.0,-30.5,-117.0,433.0
50.0,-30.5,-117.0,433.0
50.0,-30.5,-117.0,433.0
50.0,-30.5,-117.0,433.0
50.0,-30.5,-117.0,432.0
50.0,-30.5,-117.0,433.0
50.0,-30.5,-117.0,433.0
50.0,-30.5,-117.0,433.0
50.0,-30.5,-117.0,433.0
50.0,-30.5,-117.0,432.0
50.0,-30.5,-117.0,433.0
50.0,-30.5,-117.0,433.0
50.0,-30.5,-117.0,433.0
50.0,-30.5,-117.0,433.0
50.0,-30.5,-117.0,433.0
50.0,-30.5,-117.0,433.0
50.0,-30.5,-117.0,433.0
50.0,-30.5,-117.0,433.0
50.0,-30.5,-117.0,432.0
50.0,-30.5,-117.0,433.0
50.0,-30.5,-117.0,433.0
50.0,-30.5,-116.0,433.0
50.0,-30.5,-117.0,433.0
50.0,-30.5,-116.0,433.0
50.0,-30.5,-116.0,433.0
50.0,-30.5,-117.0,432.0
50.0,-30.5,-116.0,433.0
50.0,-30.5,-117.0,433.0
50.0,-30.5,-116.0,432.0
50.0,-30.5,-116.0,433.0
50.0,-30.5,-117.0,433.0
50.0,-30.5,-117.0,433.0
50.0,-30.5,-117.0,433.0
50.0,-30.5,-116.0,433.0
50.0,-30.5,-117.0,433.0
50.0,-30.5,-117.0,432.0
50.0,-30.5,-117.0,432.0
50.0,-30.5,-117.0,433.0
40.0,-44.31,-126.0,386.0
40.0,-44.38,-126.0,385.0
40.0,-44.38,-125.0,386.0
40.0,-44.38,-125.0,385.0
40.0,-44.38,-125.0,386.0
40.0,-44.38,-125.0,385.0
40.0,-44.38,-125.0,386.0
40.0,-44.38,-125.0,385.0
40.0,-44.38,-125.0,385.0
40.0,-44.38,-125.0,385.0
40.0,-44.38,-125.0,386.0
40.0,-44.38,-125.0,385.0
40.0,-44.38,-125.0,386.0
40.0,-44.38,-125.0,386.0
40.0,-44.38,-125.0,386.0
40.0,-44.38,-125.0,386.0
40.0,-44.38,-125.0,386.0
40.0,-44.38,-125.0,386.0
40.0,-44.38,-125.0,385.0
40.0,-44.38,-125.0,386.0
40.0,-44.38,-125.0,386.0
40.0,-44.38,-125.0,386.0
40.0,-44.38,-125.0,386.0
40.0,-44.38,-125.0,386.0
40.0,-44.38,-125.0,386.0
40.0,-44.38,-125.0,385.0
40.0,-44.38,-125.0,386.0
40.0,-44.38,-125.0,386.0
40.0,-44.38,-125.0,385.0
40.0,-44.38,-125.0,386.0
40.0,-44.38,-125.0,386.0
40.0,-44.38,-125.0,385.0
40.0,-44.38,-125.0,385.0
40.0,-44.38,-125.0,386.0
40.0,-44.38,-125.0,386.0
40.0,-44.38,-125.0,386.0
40.0,-44.38,-125.0,386.0
40.0,-44.38,-125.0,386.0
40.0,-44.38,-125.0,385.0
40.0,-44.38,-125.0,386.0
40.0,-44.38,-125.0,386.0
40.0,-44.38,-125.0,386.0
40.0,-44.38,-125.0,386.0
40.0,-44.38,-125.0,386.0
40.0,-44.38,-125.0,386.0
40.0,-44.38,-125.0,386.0
40.0,-44.38,-125.0,385.0
40.0,-44.38,-125.0,386.0
40.0,-44.38,-125.0,385.0
40.0,-44.38,-125.0,386.0
30.0,-59.63,-136.0,336.0
30.0,-59.63,-135.0,336.0
30.0,-59.63,-136.0,336.0
30.0,-59.63,-136.0,336.0
30.0,-59.63,-136.0,336.0
30.0,-59.63,-135.0,336.0
30.0,-59.63,-135.0,336.0
30.0,-59.63,-136.0,336.0
30.0,-59.63,-136.0,336.0
30.0,-59.63,-136.0,337.0
30.0,-59.63,-136.0,336.0
30.0,-59.63,-136.0,336.0
30.0,-59.63,-136.0,336.0
30.0,-59.63,-136.0,336.0
30.0,-59.63,-136.0,336.0
30.0,-59.63,-136.0,336.0
30.0,-59.63,-136.0,336.0
30.0,-59.63,-136.0,336.0
30.0,-59.63,-136.0,336.0
30.0,-59.63,-136.0,336.0
30.0,-59.63,-136.0,337.0
30.0,-59.63,-136.0,336.0
30.0,-59.63,-136.0,336.0
30.0,-59.63,-136.0,336.0
30.0,-59.63,-136.0,336.0
30.0,-59.63,-136.0,336.0
30.0,-59.63,-136.0,336.0
30.0,-59.63,-136.0,336.0
30.0,-59.63,-136.0,336.0
30.0,-59.63,-136.0,336.0
30.0,-59.63,-136.0,336.0
30.0,-59.63,-136.0,336.0
30.0,-59.63,-136.0,336.0
30.0,-59.63,-136.0,336.0
30.0,-59.63,-136.0,336.0
30.0,-59.63,-136.0,336.0
30.0,-59.63,-136.0,336.0
30.0,-59.63,-136.0,336.0
30.0,-59.63,-136.0,336.0
30.0,-59.63,-136.0,336.0
30.0,-59.63,-136.0,336.0
30.0,-59.63,-136.0,336.0
30.0,-59.63,-136.0,336.0
30.0,-59.63,-136.0,336.0
30.0,-59.63,-136.0,336.0
30.0,-59.63,-135.0,336.0
30.0,-59.63,-135.0,336.0
30.0,-59.63,-136.0,336.0
30.0,-59.63,-135.0,336.0
30.0,-59.63,-135.0,336.0
20.0,-73.5,-146.0,290.0
20.0,-73.5,-145.0,290.0
20.0,-73.5,-145.0,290.0
20.0,-73.44,-146.0,290.0
20.0,-73.44,-146.0,289.0
20.0,-73.44,-146.0,290.0
20.0,-73.44,-146.0,290.0
20.0,-73.44,-146.0,290.0
20.0,-73.44,-146.0,290.0
20.0,-73.44,-146.0,289.0
20.0,-73.44,-145.0,290.0
20.0,-73.44,-146.0,290.0
20.0,-73.44,-145.0,289.0
20.0,-73.44,-146.0,290.0
20.0,-73.44,-146.0,290.0
20.0,-73.44,-146.0,290.0
20.0,-73.44,-146.0,290.0
20.0,-73.44,-146.0,290.0
20.0,-73.44,-146.0,290.0
20.0,-73.44,-146.0,289.0
20.0,-73.44,-146.0,289.0
20.0,-73.44,-146.0,290.0
20.0,-73.44,-146.0,290.0
20.0,-73.44,-146.0,290.0
20.0,-73.44,-146.0,290.0
20.0,-73.44,-146.0,289.0
20.0,-73.44,-146.0,290.0
20.0,-73.44,-146.0,290.0
20.0,-73.44,-145.0,290.0
20.0,-73.44,-146.0,290.0
20.0,-73.44,-146.0,289.0
20.0,-73.44,-146.0,290.0
20.0,-73.44,-146.0,290.0
20.0,-73.44,-146.0,290.0
20.0,-73.44,-146.0,290.0
20.0,-73.44,-146.0,289.0
20.0,-73.44,-146.0,290.0
20.0,-73.44,-146.0,290.0
20.0,-73.44,-146.0,290.0
20.0,-73.44,-146.0,289.0
20.0,-73.44,-146.0,289.0
20.0,-73.44,-146.0,290.0
20.0,-73.44,-146.0,289.0
20.0,-73.44,-146.0,290.0
20.0,-73.44,-146.0,290.0
20.0,-73.44,-146.0,289.0
20.0,-73.44,-146.0,289.0
20.0,-73.44,-146.0,290.0
20.0,-73.44,-146.0,289.0
20.0,-73.44,-145.0,290.0
10.0,-85.87,-160.0,244.0
10.0,-85.87,-160.0,245.0
10.0,-85.87,-160.0,245.0
10.0,-85.87,-160.0,244.0
10.0,-85.87,-160.0,245.0
10.0,-85.87,-160.0,245.0
10.0,-85.87,-160.0,245.0
10.0,-85.87,-160.0,244.0
10.0,-85.87,-160.0,244.0
10.0,-85.87,-160.0,244.0
10.0,-85.87,-160.0,244.0
10.0,-85.87,-160.0,244.0
10.0,-85.87,-159.0,245.0
10.0,-85.87,-160.0,244.0
10.0,-85.87,-161.0,244.0
10.0,-85.87,-160.0,244.0
10.0,-85.87,-161.0,244.0
10.0,-85.87,-161.0,244.0
10.0,-85.87,-160.0,245.0
10.0,-85.87,-161.0,244.0
10.0,-85.87,-161.0,244.0
10.0,-85.87,-161.0,244.0
10.0,-85.87,-160.0,245.0
10.0,-85.87,-161.0,244.0
10.0,-85.87,-161.0,244.0
10.0,-85.87,-160.0,244.0
10.0,-85.87,-161.0,244.0
10.0,-85.87,-161.0,244.0
10.0,-85.87,-161.0,244.0
10.0,-85.87,-160.0,244.0
10.0,-85.87,-161.0,244.0
10.0,-85.87,-161.0,244.0
10.0,-85.87,-161.0,244.0
10.0,-85.87,-161.0,244.0
10.0,-85.87,-161.0,244.0
10.0,-85.87,-161.0,244.0
10.0,-85.87,-161.0,244.0
10.0,-85.87,-160.0,243.0
10.0,-85.87,-161.0,244.0
10.0,-85.87,-161.0,244.0
10.0,-85.87,-161.0,244.0
10.0,-85.87,-161.0,245.0
10.0,-85.87,-161.0,244.0
10.0,-85.87,-161.0,244.0
10.0,-85.87,-161.0,245.0
10.0,-85.87,-161.0,244.0
10.0,-85.87,-161.0,244.0
10.0,-85.87,-161.0,244.0
10.0,-85.87,-161.0,244.0
10.0,-85.87,-161.0,244.0
20.0,-73.06,-147.0,288.0
20.0,-73.06,-147.0,288.0
20.0,-73.06,-147.0,288.0
20.0,-73.06,-147.0,288.0
20.0,-73.06,-147.0,288.0
20.0,-73.06,-147.0,288.0
20.0,-73.06,-146.0,288.0
20.0,-73.06,-147.0,288.0
20.0,-73.06,-146.0,288.0
20.0,-73.06,-147.0,288.0
20.0,-73.12,-147.0,288.0
20.0,-73.12,-147.0,288.0
20.0,-73.12,-147.0,288.0
20.0,-73.12,-147.0,288.0
20.0,-73.19,-147.0,288.0
20.0,-73.19,-147.0,288.0
20.0,-73.19,-147.0,288.0
20.0,-73.19,-147.0,288.0
20.0,-73.19,-147.0,288.0
20.0,-73.19,-147.0,288.0
20.0,-73.19,-147.0,288.0
20.0,-73.19,-147.0,288.0
20.0,-73.19,-147.0,288.0
20.0,-73.19,-147.0,288.0
20.0,-73.19,-147.0,288.0
20.0,-73.19,-147.0,288.0
20.0,-73.19,-147.0,288.0
20.0,-73.19,-147.0,289.0
20.0,-73.19,-147.0,288.0
20.0,-73.19,-147.0,288.0
20.0,-73.19,-147.0,288.0
20.0,-73.19,-147.0,288.0
20.0,-73.19,-147.0,288.0
20.0,-73.19,-147.0,288.0
20.0,-73.19,-147.0,288.0
20.0,-73.19,-147.0,288.0
20.0,-73.19,-147.0,288.0
20.0,-73.19,-147.0,288.0
20.0,-73.19,-147.0,288.0
20.0,-73.19,-147.0,288.0
20.0,-73.19,-147.0,288.0
20.0,-73.19,-147.0,288.0
20.0,-73.19,-147.0,288.0
20.0,-73.19,-147.0,288.0
20.0,-73.19,-147.0,288.0
20.0,-73.19,-147.0,288.0
20.0,-73.19,-147.0,288.0
20.0,-73.19,-146.0,288.0
20.0,-73.19,-147.0,288.0
20.0,-73.19,-147.0,288.0
30.0,-59.5,-136.0,334.0
30.0,-59.5,-136.0,334.0
30.0,-59.5,-136.0,333.0
30.0,-59.5,-136.0,334.0
30.0,-59.5,-136.0,334.0
30.0,-59.5,-136.0,334.0
30.0,-59.5,-136.0,334.0
30.0,-59.38,-136.0,334.0
30.0,-59.38,-136.0,334.0
30.0,-59.38,-136.0,334.0
30.0,-59.38,-136.0,334.0
30.0,-59.38,-136.0,334.0
30.0,-59.38,-136.0,334.0
30.0,-59.38,-136.0,334.0
30.0,-59.38,-136.0,334.0
30.0,-59.38,-136.0,334.0
30.0,-59.38,-136.0,334.0
30.0,-59.38,-136.0,334.0
30.0,-59.38,-136.0,334.0
30.0,-59.38,-136.0,334.0
30.0,-59.38,-136.0,334.0
30.0,-59.38,-136.0,334.0
30.0,-59.38,-136.0,334.0
30.0,-59.38,-136.0,334.0
30.0,-59.38,-136.0,334.0
30.0,-59.38,-136.0,334.0
30.0,-59.38,-136.0,334.0
30.0,-59.38,-136.0,334.0
30.0,-59.38,-136.0,334.0
30.0,-59.38,-136.0,334.0
30.0,-59.38,-136.0,334.0
30.0,-59.38,-136.0,334.0
30.0,-59.38,-135.0,334.0
30.0,-59.38,-136.0,334.0
30.0,-59.38,-136.0,334.0
30.0,-59.38,-136.0,334.0
30.0,-59.38,-136.0,334.0
30.0,-59.38,-136.0,334.0
30.0,-59.38,-136.0,334.0
30.0,-59.38,-136.0,334.0
30.0,-59.38,-136.0,334.0
30.0,-59.38,-136.0,334.0
30.0,-59.38,-136.0,334.0
30.0,-59.38,-135.0,333.0
30.0,-59.38,-136.0,334.0
30.0,-59.38,-136.0,334.0
30.0,-59.38,-136.0,334.0
30.0,-59.38,-136.0,334.0
30.0,-59.38,-135.0,334.0
30.0,-59.38,-136.0,334.0
40.0,-45.44,-126.0,380.0
40.0,-45.44,-126.0,380.0
40.0,-45.5,-126.0,381.0
40.0,-45.56,-126.0,380.0
40.0,-45.56,-126.0,380.0
40.0,-45.56,-126.0,380.0
40.0,-45.56,-126.0,381.0
40.0,-45.56,-126.0,381.0
40.0,-45.56,-126.0,381.0
40.0,-45.56,-126.0,381.0
40.0,-45.56,-126.0,381.0
40.0,-45.56,-126.0,381.0
40.0,-45.56,-126.0,381.0
40.0,-45.56,-126.0,381.0
40.0,-45.56,-126.0,380.0
40.0,-45.56,-126.0,381.0
40.0,-45.56,-126.0,380.0
40.0,-45.56,-126.0,380.0
40.0,-45.56,-126.0,381.0
40.0,-45.56,-126.0,381.0
40.0,-45.56,-126.0,381.0
40.0,-45.56,-126.0,381.0
40.0,-45.56,-126.0,381.0
40.0,-45.56,-126.0,381.0
40.0,-45.56,-127.0,381.0
40.0,-45.56,-126.0,381.0
40.0,-45.56,-127.0,381.0
40.0,-45.56,-126.0,380.0
40.0,-45.56,-126.0,380.0
40.0,-45.56,-126.0,380.0
40.0,-45.56,-126.0,380.0
40.0,-45.56,-126.0,381.0
40.0,-45.56,-126.0,380.0
40.0,-45.56,-126.0,380.0
40.0,-45.56,-126.0,380.0
40.0,-45.56,-126.0,380.0
40.0,-45.56,-126.0,381.0
40.0,-45.56,-126.0,381.0
40.0,-45.56,-126.0,381.0
40.0,-45.56,-126.0,380.0
40.0,-45.56,-126.0,380.0
40.0,-45.56,-126.0,380.0
40.0,-45.56,-126.0,380.0
40.0,-45.56,-126.0,380.0
40.0,-45.56,-126.0,381.0
40.0,-45.56,-126.0,381.0
40.0,-45.56,-126.0,381.0
40.0,-45.56,-126.0,380.0
40.0,-45.56,-126.0,380.0
40.0,-45.56,-126.0,380.0
50.0,-31.5,-118.0,427.0
50.0,-31.56,-118.0,427.0
50.0,-31.56,-118.0,427.0
50.0,-31.62,-118.0,427.0
50.0,-31.62,-118.0,427.0
50.0,-31.62,-118.0,427.0
50.0,-31.62,-118.0,427.0
50.0,-31.62,-118.0,427.0
50.0,-31.62,-118.0,427.0
50.0,-31.5,-118.0,427.0
50.0,-31.5,-118.0,428.0
50.0,-31.5,-117.0,427.0
50.0,-31.5,-118.0,427.0
50.0,-31.5,-118.0,427.0
50.0,-31.5,-118.0,428.0
50.0,-31.5,-118.0,428.0
50.0,-31.5,-118.0,428.0
50.0,-31.5,-117.0,427.0
50.0,-31.5,-118.0,428.0
50.0,-31.5,-118.0,427.0
50.0,-31.5,-118.0,427.0
50.0,-31.5,-117.0,427.0
50.0,-31.5,-118.0,427.0
50.0,-31.5,-118.0,427.0
50.0,-31.5,-118.0,427.0
50.0,-31.5,-118.0,427.0
50.0,-31.5,-118.0,427.0
50.0,-31.5,-118.0,427.0
50.0,-31.5,-118.0,427.0
50.0,-31.5,-118.0,427.0
50.0,-31.5,-118.0,427.0
50.0,-31.5,-118.0,428.0
50.0,-31.5,-118.0,427.0
50.0,-31.5,-118.0,428.0
50.0,-31.5,-118.0,427.0
50.0,-31.5,-118.0,427.0
50.0,-31.5,-118.0,427.0
50.0,-31.5,-118.0,428.0
50.0,-31.5,-118.0,427.0
50.0,-31.5,-118.0,427.0
50.0,-31.5,-118.0,427.0
50.0,-31.5,-118.0,427.0
50.0,-31.5,-118.0,427.0
50.0,-31.5,-118.0,427.0
50.0,-31.5,-118.0,427.0
50.0,-31.5,-118.0,427.0
50.0,-31.5,-118.0,427.0
50.0,-31.5,-118.0,427.0
50.0,-31.5,-118.0,426.0
50.0,-31.5,-118.0,427.0
60.0,-17.19,-110.0,473.0
60.0,-17.25,-110.0,473.0
60.0,-17.31,-110.0,473.0
60.0,-17.31,-110.0,473.0
60.0,-17.37,-110.0,473.0
60.0,-17.37,-110.0,473.0
60.0,-17.37,-110.0,473.0
60.0,-17.37,-110.0,473.0
60.0,-17.37,-110.0,473.0
60.0,-17.37,-110.0,473.0
60.0,-17.37,-110.0,473.0
60.0,-17.37,-110.0,473.0
60.0,-17.37,-110.0,473.0
60.0,-17.37,-110.0,473.0
60.0,-17.37,-110.0,473.0
60.0,-17.37,-110.0,473.0
60.0,-17.37,-110.0,473.0
60.0,-17.37,-110.0,473.0
60.0,-17.37,-110.0,473.0
60.0,-17.37,-110.0,473.0
60.0,-17.37,-110.0,473.0
60.0,-17.37,-110.0,473.0
60.0,-17.37,-110.0,473.0
60.0,-17.37,-110.0,473.0
60.0,-17.37,-110.0,473.0
60.0,-17.37,-110.0,473.0
60.0,-17.37,-110.0,474.0
60.0,-17.37,-110.0,473.0
60.0,-17.37,-110.0,473.0
60.0,-17.37,-110.0,473.0
60.0,-17.37,-110.0,473.0
60.0,-17.37,-110.0,473.0
60.0,-17.37,-110.0,473.0
60.0,-17.37,-110.0,473.0
60.0,-17.37,-110.0,473.0
60.0,-17.37,-110.0,473.0
60.0,-17.37,-110.0,472.0
60.0,-17.37,-110.0,473.0
60.0,-17.37,-110.0,473.0
60.0,-17.37,-110.0,474.0
60.0,-17.37,-110.0,473.0
60.0,-17.37,-110.0,473.0
60.0,-17.37,-110.0,473.0
60.0,-17.37,-110.0,473.0
60.0,-17.37,-110.0,473.0
60.0,-17.37,-110.0,472.0
60.0,-17.37,-110.0,473.0
60.0,-17.37,-110.0,473.0
60.0,-17.37,-110.0,473.0
60.0,-17.37,-110.0,473.0
70.0,-3.75,-104.0,516.0
70.0,-3.81,-104.0,515.0
70.0,-3.88,-104.0,515.0
70.0,-3.88,-104.0,515.0
70.0,-3.88,-104.0,515.0
70.0,-3.88,-104.0,515.0
70.0,-3.88,-104.0,516.0
70.0,-3.88,-104.0,515.0
70.0,-3.88,-104.0,516.0
70.0,-3.88,-104.0,515.0
70.0,-3.88,-104.0,516.0
70.0,-3.88,-104.0,515.0
70.0,-3.88,-104.0,515.0
70.0,-3.88,-104.0,516.0
70.0,-3.88,-104.0,515.0
70.0,-3.88,-104.0,515.0
70.0,-3.88,-104.0,515.0
70.0,-3.88,-104.0,515.0
70.0,-3.88,-104.0,516.0
70.0,-3.88,-104.0,515.0
70.0,-3.88,-104.0,515.0
70.0,-3.88,-104.0,515.0
70.0,-3.88,-104.0,515.0
70.0,-3.88,-104.0,516.0
70.0,-3.88,-104.0,515.0
70.0,-3.88,-104.0,515.0
70.0,-3.88,-104.0,516.0
70.0,-3.88,-104.0,516.0
70.0,-3.88,-104.0,516.0
70.0,-3.88,-104.0,515.0
70.0,-3.88,-104.0,515.0
70.0,-3.88,-104.0,516.0
70.0,-3.88,-104.0,515.0
70.0,-3.88,-104.0,515.0
70.0,-3.88,-104.0,515.0
70.0,-3.88,-104.0,515.0
70.0,-3.88,-104.0,516.0
70.0,-3.88,-104.0,515.0
70.0,-3.88,-104.0,516.0
70.0,-3.88,-104.0,515.0
70.0,-3.88,-104.0,516.0
70.0,-3.88,-104.0,516.0
70.0,-3.88,-104.0,516.0
70.0,-3.88,-104.0,516.0
70.0,-3.88,-104.0,516.0
70.0,-3.88,-104.0,515.0
70.0,-3.88,-104.0,516.0
70.0,-3.88,-104.0,515.0
70.0,-3.88,-104.0,516.0
70.0,-3.88,-104.0,515.0
70.0,-3.88,-104.0,515.0
70.0,-3.88,-104.0,516.0
70.0,-3.88,-104.0,516.0
70.0,-3.88,-104.0,515.0
70.0,-3.88,-104.0,515.0
70.0,-3.88,-104.0,515.0
70.0,-3.88,-104.0,515.0
70.0,-3.88,-104.0,516.0
70.0,-3.88,-104.0,515.0
70.0,-3.88,-104.0,515.0
70.0,-3.88,-104.0,515.0
70.0,-3.88,-104.0,516.0
70.0,-3.88,-104.0,515.0
70.0,-3.88,-104.0,515.0
70.0,-3.88,-104.0,516.0
70.0,-3.88,-104.0,515.0
70.0,-3.88,-104.0,516.0
70.0,-3.88,-104.0,516.0
70.0,-3.88,-104.0,516.0
70.0,-3.88,-104.0,516.0
70.0,-3.88,-104.0,515.0
70.0,-3.88,-104.0,515.0
70.0,-3.88,-104.0,516.0
70.0,-3.88,-104.0,515.0
70.0,-3.88,-104.0,516.0
70.0,-3.88,-104.0,515.0
70.0,-3.88,-104.0,515.0
70.0,-3.88,-104.0,516.0
70.0,-3.88,-104.0,515.0
70.0,-3.88,-104.0,515.0
70.0,-3.88,-104.0,515.0
70.0,-3.88,-104.0,515.0
70.0,-3.88,-104.0,515.0
70.0,-3.88,-104.0,515.0
70.0,-3.88,-104.0,515.0
70.0,-3.88,-104.0,515.0
70.0,-3.88,-104.0,515.0
70.0,-3.88,-104.0,515.0
70.0,-3.88,-104.0,516.0
70.0,-3.88,-104.0,516.0
70.0,-3.88,-104.0,515.0
70.0,-3.88,-104.0,516.0
70.0,-3.88,-104.0,515.0
70.0,-3.88,-104.0,515.0
70.0,-3.88,-104.0,515.0
70.0,-3.88,-104.0,516.0
70.0,-3.88,-104.0,516.0
70.0,-3.88,-104.0,515.0
70.0,-3.88,-104.0,515.0
70.0,-3.88,-104.0,516.0
60.0,-16.44,-109.0,478.0
60.0,-16.44,-109.0,477.0
60.0,-16.44,-110.0,477.0
60.0,-16.44,-109.0,477.0
60.0,-16.44,-109.0,477.0
60.0,-16.44,-110.0,477.0
60.0,-16.44,-109.0,477.0
60.0,-16.44,-109.0,477.0
60.0,-16.44,-110.0,477.0
60.0,-16.44,-109.0,477.0
60.0,-16.44,-109.0,477.0
60.0,-16.44,-109.0,477.0
60.0,-16.44,-109.0,477.0
60.0,-16.44,-109.0,477.0
60.0,-16.44,-109.0,477.0
60.0,-16.44,-109.0,477.0
60.0,-16.44,-109.0,477.0
60.0,-16.44,-109.0,477.0
60.0,-16.44,-109.0,477.0
60.0,-16.44,-109.0,477.0
60.0,-16.44,-109.0,477.0
60.0,-16.44,-109.0,477.0
60.0,-16.44,-109.0,477.0
60.0,-16.44,-109.0,478.0
60.0,-16.44,-109.0,477.0
60.0,-16.44,-109.0,477.0
60.0,-16.44,-110.0,477.0
60.0,-16.44,-109.0,477.0
60.0,-16.44,-109.0,477.0
60.0,-16.44,-109.0,477.0
60.0,-16.44,-109.0,477.0
60.0,-16.44,-109.0,477.0
60.0,-16.44,-109.0,477.0
60.0,-16.44,-109.0,477.0
60.0,-16.44,-109.0,477.0
60.0,-16.44,-109.0,477.0
60.0,-16.44,-109.0,477.0
60.0,-16.44,-109.0,477.0
60.0,-16.44,-109.0,477.0
60.0,-16.44,-109.0,477.0
60.0,-16.44,-109.0,477.0
60.0,-16.44,-109.0,477.0
60.0,-16.44,-109.0,477.0
60.0,-16.44,-109.0,477.0
60.0,-16.44,-109.0,477.0
60.0,-16.44,-109.0,478.0
60.0,-16.44,-109.0,477.0
60.0,-16.44,-109.0,477.0
60.0,-16.44,-109.0,477.0
60.0,-16.44,-109.0,477.0
50.0,-29.81,-117.0,432.0
50.0,-29.81,-117.0,436.0
50.0,-29.0,-117.0,433.0
50.0,-29.69,-117.0,433.0
50.0,-29.75,-117.0,433.0
50.0,-29.81,-117.0,433.0
50.0,-29.81,-117.0,433.0
50.0,-29.87,-117.0,433.0
50.0,-29.87,-117.0,433.0
50.0,-29.94,-117.0,433.0
50.0,-29.94,-117.0,433.0
50.0,-29.94,-117.0,433.0
50.0,-29.94,-117.0,433.0
50.0,-29.94,-117.0,433.0
50.0,-29.94,-117.0,433.0
50.0,-29.94,-117.0,433.0
50.0,-29.94,-117.0,433.0
50.0,-29.94,-117.0,433.0
50.0,-29.94,-117.0,433.0
50.0,-29.94,-117.0,433.0
50.0,-29.94,-117.0,433.0
50.0,-29.94,-117.0,433.0
50.0,-29.94,-117.0,433.0
50.0,-29.94,-117.0,433.0
50.0,-29.94,-117.0,433.0
50.0,-29.94,-117.0,433.0
50.0,-29.94,-117.0,433.0
50.0,-29.94,-117.0,433.0
50.0,-29.94,-117.0,433.0
50.0,-29.94,-117.0,433.0
50.0,-29.94,-117.0,433.0
50.0,-29.94,-117.0,433.0
50.0,-29.94,-117.0,433.0
50.0,-29.94,-117.0,433.0
50.0,-29.94,-117.0,433.0
50.0,-29.94,-117.0,433.0
50.0,-29.94,-117.0,434.0
50.0,-29.94,-117.0,433.0
50.0,-29.94,-117.0,433.0
50.0,-29.94,-117.0,433.0
50.0,-29.94,-117.0,433.0
50.0,-29.94,-117.0,433.0
50.0,-29.94,-117.0,433.0
50.0,-29.94,-117.0,433.0
50.0,-29.94,-117.0,433.0
50.0,-29.94,-117.0,433.0
50.0,-29.94,-117.0,433.0
50.0,-29.94,-117.0,433.0
50.0,-29.94,-117.0,433.0
50.0,-29.94,-117.0,434.0
40.0,-44.5,-125.0,386.0
40.0,-44.5,-126.0,387.0
40.0,-44.5,-125.0,386.0
40.0,-44.5,-126.0,386.0
40.0,-44.5,-126.0,386.0
40.0,-44.5,-126.0,386.0
40.0,-44.5,-126.0,387.0
40.0,-44.5,-126.0,386.0
40.0,-44.5,-125.0,386.0
40.0,-44.5,-125.0,386.0
40.0,-44.5,-126.0,386.0
40.0,-44.5,-126.0,386.0
40.0,-44.5,-125.0,387.0
40.0,-44.5,-126.0,386.0
40.0,-44.5,-126.0,386.0
40.0,-44.5,-125.0,386.0
40.0,-44.5,-126.0,386.0
40.0,-44.5,-126.0,386.0
40.0,-44.5,-125.0,387.0
40.0,-44.5,-125.0,386.0
40.0,-44.5,-125.0,386.0
40.0,-44.5,-126.0,386.0
40.0,-44.5,-125.0,386.0
40.0,-44.5,-126.0,386.0
40.0,-44.5,-125.0,386.0
40.0,-44.5,-125.0,386.0
40.0,-44.5,-125.0,386.0
40.0,-44.5,-125.0,387.0
40.0,-44.5,-125.0,386.0
40.0,-44.5,-125.0,386.0
40.0,-44.5,-125.0,386.0
40.0,-44.5,-125.0,386.0
40.0,-44.5,-125.0,386.0
40.0,-44.5,-125.0,386.0
40.0,-44.5,-125.0,386.0
40.0,-44.5,-125.0,386.0
40.0,-44.5,-125.0,386.0
40.0,-44.5,-126.0,386.0
40.0,-44.5,-125.0,386.0
40.0,-44.5,-125.0,386.0
40.0,-44.5,-125.0,387.0
40.0,-44.5,-125.0,387.0
40.0,-44.5,-125.0,386.0
40.0,-44.5,-125.0,386.0
40.0,-44.5,-125.0,386.0
40.0,-44.5,-125.0,386.0
40.0,-44.5,-125.0,386.0
40.0,-44.5,-125.0,386.0
40.0,-44.5,-125.0,386.0
40.0,-44.5,-125.0,386.0
30.0,-59.88,-136.0,336.0
30.0,-59.88,-136.0,336.0
30.0,-59.88,-135.0,336.0
30.0,-59.88,-136.0,336.0
30.0,-59.88,-136.0,336.0
30.0,-59.88,-136.0,336.0
30.0,-59.88,-135.0,337.0
30.0,-59.88,-136.0,336.0
30.0,-59.88,-135.0,336.0
30.0,-59.88,-136.0,336.0
30.0,-59.88,-136.0,337.0
30.0,-59.88,-136.0,336.0
30.0,-59.88,-136.0,336.0
30.0,-59.88,-136.0,336.0
30.0,-59.88,-135.0,336.0
30.0,-59.88,-136.0,336.0
30.0,-59.88,-136.0,336.0
30.0,-59.88,-136.0,336.0
30.0,-59.88,-136.0,337.0
30.0,-59.88,-135.0,336.0
30.0,-59.88,-136.0,336.0
30.0,-59.88,-136.0,336.0
30.0,-59.88,-136.0,336.0
30.0,-59.88,-136.0,336.0
30.0,-59.88,-135.0,336.0
30.0,-59.88,-136.0,336.0
30.0,-59.88,-135.0,336.0
30.0,-59.88,-136.0,336.0
30.0,-59.88,-136.0,336.0
30.0,-59.88,-136.0,336.0
30.0,-59.88,-136.0,336.0
30.0,-59.88,-136.0,337.0
30.0,-59.88,-136.0,336.0
30.0,-59.88,-136.0,336.0
30.0,-59.88,-135.0,336.0
30.0,-59.88,-135.0,336.0
30.0,-59.88,-135.0,336.0
30.0,-59.88,-136.0,336.0
30.0,-59.88,-135.0,336.0
30.0,-59.88,-135.0,336.0
30.0,-59.88,-136.0,336.0
30.0,-59.88,-135.0,336.0
30.0,-59.88,-135.0,336.0
30.0,-59.88,-135.0,336.0
30.0,-59.88,-135.0,336.0
30.0,-59.88,-136.0,336.0
30.0,-59.88,-136.0,336.0
30.0,-59.88,-135.0,336.0
30.0,-59.88,-135.0,336.0
30.0,-59.88,-136.0,336.0
20.0,-73.69,-146.0,289.0
20.0,-73.62,-146.0,289.0
20.0,-73.62,-146.0,290.0
20.0,-73.62,-146.0,289.0
20.0,-73.62,-146.0,289.0
20.0,-73.62,-146.0,289.0
20.0,-73.62,-146.0,289.0
20.0,-73.62,-146.0,289.0
20.0,-73.62,-146.0,289.0
20.0,-73.62,-146.0,289.0
20.0,-73.62,-146.0,288.0
20.0,-73.62,-146.0,289.0
20.0,-73.62,-146.0,289.0
20.0,-73.62,-146.0,289.0
20.0,-73.62,-146.0,289.0
20.0,-73.62,-146.0,289.0
20.0,-73.62,-146.0,289.0
20.0,-73.62,-146.0,289.0
20.0,-73.62,-146.0,289.0
20.0,-73.62,-146.0,289.0
20.0,-73.62,-145.0,289.0
20.0,-73.62,-146.0,289.0
20.0,-73.62,-146.0,289.0
20.0,-73.62,-146.0,289.0
20.0,-73.62,-146.0,289.0
20.0,-73.62,-146.0,289.0
20.0,-73.62,-146.0,289.0
20.0,-73.62,-146.0,289.0
20.0,-73.62,-146.0,289.0
20.0,-73.62,-146.0,289.0
20.0,-73.62,-146.0,289.0
20.0,-73.62,-146.0,289.0
20.0,-73.62,-146.0,289.0
20.0,-73.62,-146.0,289.0
20.0,-73.62,-146.0,289.0
20.0,-73.62,-146.0,289.0
20.0,-73.62,-146.0,289.0
20.0,-73.62,-146.0,289.0
20.0,-73.62,-146.0,289.0
20.0,-73.62,-146.0,289.0
20.0,-73.62,-146.0,289.0
20.0,-73.62,-146.0,289.0
20.0,-73.62,-146.0,289.0
20.0,-73.62,-146.0,289.0
20.0,-73.62,-146.0,289.0
20.0,-73.62,-146.0,289.0
20.0,-73.62,-146.0,289.0
20.0,-73.62,-146.0,289.0
20.0,-73.62,-146.0,289.0
20.0,-73.62,-145.0,289.0
10.0,-86.37,-160.0,244.0
10.0,-86.37,-160.0,244.0
10.0,-86.31,-159.0,245.0
10.0,-86.31,-160.0,244.0
10.0,-86.31,-160.0,244.0
10.0,-86.31,-160.0,244.0
10.0,-86.31,-160.0,244.0
10.0,-86.31,-160.0,244.0
10.0,-86.31,-160.0,244.0
10.0,-86.31,-160.0,245.0
10.0,-86.31,-160.0,245.0
10.0,-86.31,-160.0,245.0
10.0,-86.31,-160.0,244.0
10.0,-86.31,-159.0,245.0
10.0,-86.31,-160.0,245.0
10.0,-86.31,-159.0,244.0
10.0,-86.31,-160.0,245.0
10.0,-86.31,-160.0,245.0
10.0,-86.31,-160.0,245.0
10.0,-86.31,-160.0,244.0
10.0,-86.31,-159.0,244.0
10.0,-86.31,-160.0,244.0
10.0,-86.31,-160.0,244.0
10.0,-86.31,-160.0,245.0
10.0,-86.31,-160.0,244.0
10.0,-86.31,-160.0,245.0
10.0,-86.31,-160.0,244.0
10.0,-86.31,-160.0,245.0
10.0,-86.31,-160.0,245.0
10.0,-86.31,-160.0,245.0
10.0,-86.31,-160.0,244.0
10.0,-86.31,-160.0,244.0
10.0,-86.31,-160.0,245.0
10.0,-86.31,-160.0,244.0
10.0,-86.31,-160.0,244.0
10.0,-86.31,-160.0,245.0
10.0,-86.31,-161.0,244.0
10.0,-86.31,-160.0,245.0
10.0,-86.31,-160.0,245.0
10.0,-86.31,-160.0,244.0
10.0,-86.31,-160.0,245.0
10.0,-86.31,-160.0,244.0
10.0,-86.31,-160.0,244.0
10.0,-86.31,-160.0,245.0
10.0,-86.31,-160.0,244.0
10.0,-86.31,-160.0,244.0
10.0,-86.31,-160.0,244.0
10.0,-86.31,-160.0,245.0
10.0,-86.31,-160.0,244.0
10.0,-86.31,-160.0,245.0
20.0,-73.56,-147.0,288.0
20.0,-73.56,-147.0,287.0
20.0,-73.56,-147.0,288.0
20.0,-73.56,-146.0,288.0
20.0,-73.56,-147.0,288.0
20.0,-73.56,-147.0,288.0
20.0,-73.56,-147.0,288.0
20.0,-73.56,-147.0,288.0
20.0,-73.56,-147.0,288.0
20.0,-73.56,-147.0,288.0
20.0,-73.56,-147.0,288.0
20.0,-73.56,-147.0,288.0
20.0,-73.56,-147.0,288.0
20.0,-73.56,-147.0,288.0
20.0,-73.56,-146.0,288.0
20.0,-73.56,-147.0,288.0
20.0,-73.56,-147.0,288.0
20.0,-73.56,-147.0,288.0
20.0,-73.56,-147.0,288.0
20.0,-73.56,-147.0,288.0
20.0,-73.56,-147.0,288.0
20.0,-73.56,-147.0,288.0
20.0,-73.56,-147.0,288.0
20.0,-73.56,-147.0,288.0
20.0,-73.56,-147.0,288.0
20.0,-73.56,-147.0,288.0
20.0,-73.56,-147.0,288.0
20.0,-73.56,-147.0,288.0
20.0,-73.56,-147.0,288.0
20.0,-73.56,-147.0,288.0
20.0,-73.56,-146.0,288.0
20.0,-73.56,-146.0,288.0
20.0,-73.56,-147.0,288.0
20.0,-73.56,-147.0,289.0
20.0,-73.56,-147.0,288.0
20.0,-73.56,-147.0,289.0
20.0,-73.56,-147.0,288.0
20.0,-73.56,-147.0,289.0
20.0,-73.56,-147.0,289.0
20.0,-73.56,-147.0,288.0
20.0,-73.56,-147.0,288.0
20.0,-73.56,-147.0,288.0
20.0,-73.56,-147.0,288.0
20.0,-73.56,-147.0,288.0
20.0,-73.56,-147.0,288.0
20.0,-73.56,-147.0,288.0
20.0,-73.56,-147.0,288.0
20.0,-73.56,-147.0,288.0
20.0,-73.56,-147.0,287.0
20.0,-73.56,-147.0,288.0
30.0,-59.63,-136.0,334.0
30.0,-59.63,-136.0,334.0
30.0,-59.63,-136.0,334.0
30.0,-59.63,-136.0,334.0
30.0,-59.63,-136.0,335.0
30.0,-59.63,-136.0,334.0
30.0,-59.63,-136.0,334.0
30.0,-59.63,-136.0,334.0
30.0,-59.63,-136.0,334.0
30.0,-59.63,-136.0,334.0
30.0,-59.63,-136.0,335.0
30.0,-59.63,-136.0,334.0
30.0,-59.63,-136.0,335.0
30.0,-59.63,-136.0,334.0
30.0,-59.63,-136.0,334.0
30.0,-59.63,-136.0,335.0
30.0,-59.63,-136.0,334.0
30.0,-59.63,-136.0,335.0
30.0,-59.63,-136.0,335.0
30.0,-59.63,-136.0,335.0
30.0,-59.63,-136.0,335.0
30.0,-59.63,-136.0,335.0
30.0,-59.63,-136.0,335.0
30.0,-59.63,-136.0,335.0
30.0,-59.63,-136.0,334.0
30.0,-59.63,-136.0,335.0
30.0,-59.63,-136.0,334.0
30.0,-59.63,-136.0,335.0
30.0,-59.63,-136.0,335.0
30.0,-59.63,-136.0,334.0
30.0,-59.63,-136.0,334.0
30.0,-59.63,-136.0,334.0
30.0,-59.63,-136.0,335.0
30.0,-59.63,-136.0,333.0
30.0,-59.63,-136.0,334.0
30.0,-59.63,-136.0,335.0
30.0,-59.63,-136.0,335.0
30.0,-59.63,-136.0,334.0
30.0,-59.63,-136.0,334.0
30.0,-59.63,-136.0,334.0
30.0,-59.63,-136.0,335.0
30.0,-59.63,-136.0,335.0
30.0,-59.63,-136.0,334.0
30.0,-59.63,-136.0,335.0
30.0,-59.63,-136.0,335.0
30.0,-59.63,-136.0,335.0
30.0,-59.63,-136.0,334.0
30.0,-59.63,-136.0,335.0
30.0,-59.63,-135.0,335.0
30.0,-59.63,-136.0,334.0
40.0,-45.75,-126.0,380.0
40.0,-45.75,-126.0,381.0
40.0,-45.75,-126.0,380.0
40.0,-45.75,-126.0,387.0
40.0,-43.69,-125.0,387.0
40.0,-43.75,-125.0,387.0
40.0,-43.81,-125.0,387.0
40.0,-43.81,-125.0,387.0
40.0,-43.81,-125.0,387.0
40.0,-43.88,-125.0,387.0
40.0,-43.88,-125.0,388.0
40.0,-43.94,-125.0,387.0
40.0,-43.94,-125.0,387.0
40.0,-43.94,-125.0,387.0
40.0,-43.94,-125.0,387.0
40.0,-43.94,-125.0,387.0
40.0,-43.94,-125.0,387.0
40.0,-43.94,-125.0,387.0
40.0,-44.06,-125.0,387.0
40.0,-44.06,-125.0,387.0
40.0,-44.06,-125.0,386.0
40.0,-44.06,-125.0,386.0
40.0,-44.06,-125.0,387.0
40.0,-44.06,-125.0,386.0
40.0,-44.06,-125.0,386.0
40.0,-44.06,-125.0,387.0
40.0,-44.06,-125.0,386.0
40.0,-44.06,-125.0,387.0
40.0,-44.06,-125.0,387.0
40.0,-44.06,-125.0,386.0
40.0,-44.06,-125.0,387.0
40.0,-44.06,-125.0,387.0
40.0,-44.06,-125.0,387.0
40.0,-44.06,-125.0,387.0
40.0,-44.06,-125.0,390.0
40.0,-43.5,-125.0,385.0
40.0,-44.44,-125.0,386.0
40.0,-44.44,-125.0,386.0
40.0,-44.44,-125.0,386.0
40.0,-44.44,-125.0,386.0
40.0,-44.44,-125.0,385.0
40.0,-44.44,-125.0,385.0
40.0,-44.44,-125.0,385.0
40.0,-44.44,-125.0,386.0
40.0,-44.44,-125.0,385.0
40.0,-44.44,-125.0,386.0
40.0,-44.44,-125.0,386.0
40.0,-44.44,-125.0,386.0
40.0,-44.44,-125.0,386.0
40.0,-44.44,-125.0,386.0
50.0,-31.75,-118.0,427.0
50.0,-31.75,-118.0,427.0
50.0,-31.81,-118.0,427.0
50.0,-31.87,-118.0,427.0
50.0,-31.87,-118.0,427.0
50.0,-31.87,-118.0,427.0
50.0,-31.87,-118.0,427.0
50.0,-31.87,-118.0,427.0
50.0,-31.87,-118.0,427.0
50.0,-31.87,-118.0,427.0
50.0,-31.87,-118.0,427.0
50.0,-31.87,-118.0,427.0
50.0,-31.87,-118.0,427.0
50.0,-31.87,-118.0,427.0
50.0,-31.87,-118.0,427.0
50.0,-31.87,-118.0,427.0
50.0,-31.87,-118.0,427.0
50.0,-31.87,-118.0,427.0
50.0,-31.87,-118.0,427.0
50.0,-31.87,-118.0,427.0
50.0,-31.87,-118.0,427.0
50.0,-31.87,-118.0,427.0
50.0,-31.87,-118.0,427.0
50.0,-31.87,-118.0,427.0
50.0,-31.87,-118.0,427.0
50.0,-31.87,-118.0,427.0
50.0,-31.87,-118.0,427.0
50.0,-31.87,-118.0,428.0
50.0,-31.87,-118.0,427.0
50.0,-31.87,-118.0,427.0
50.0,-31.87,-118.0,426.0
50.0,-31.87,-118.0,427.0
50.0,-31.87,-118.0,427.0
50.0,-31.87,-118.0,427.0
50.0,-31.87,-118.0,426.0
50.0,-31.87,-118.0,427.0
50.0,-31.87,-118.0,427.0
50.0,-31.87,-118.0,427.0
50.0,-31.87,-118.0,427.0
50.0,-31.87,-118.0,427.0
50.0,-31.87,-118.0,427.0
50.0,-31.87,-118.0,427.0
50.0,-31.87,-118.0,427.0
50.0,-31.87,-118.0,427.0
50.0,-31.87,-118.0,427.0
50.0,-31.87,-118.0,427.0
50.0,-31.69,-118.0,427.0
50.0,-31.69,-118.0,427.0
50.0,-31.69,-118.0,427.0
50.0,-31.69,-117.0,427.0
60.0,-17.56,-110.0,472.0
60.0,-17.56,-110.0,472.0
60.0,-17.62,-110.0,472.0
60.0,-17.69,-110.0,472.0
60.0,-17.69,-110.0,472.0
60.0,-17.69,-110.0,473.0
60.0,-17.69,-110.0,472.0
60.0,-17.69,-110.0,472.0
60.0,-17.69,-110.0,473.0
60.0,-17.69,-110.0,473.0
60.0,-17.69,-110.0,473.0
60.0,-17.56,-110.0,473.0
60.0,-17.56,-110.0,472.0
60.0,-17.62,-110.0,473.0
60.0,-17.62,-110.0,473.0
60.0,-17.56,-110.0,473.0
60.0,-17.56,-110.0,473.0
60.0,-17.62,-110.0,473.0
60.0,-17.62,-110.0,473.0
60.0,-17.62,-110.0,473.0
60.0,-17.62,-110.0,473.0
60.0,-17.62,-110.0,473.0
60.0,-17.62,-110.0,473.0
60.0,-17.62,-110.0,474.0
60.0,-17.62,-110.0,474.0
60.0,-17.62,-110.0,473.0
60.0,-17.62,-110.0,473.0
60.0,-17.62,-110.0,473.0
60.0,-17.62,-110.0,473.0
60.0,-17.62,-110.0,473.0
60.0,-17.62,-110.0,474.0
60.0,-17.62,-110.0,474.0
60.0,-17.62,-110.0,474.0
60.0,-17.62,-110.0,473.0
60.0,-17.62,-110.0,473.0
60.0,-17.62,-110.0,473.0
60.0,-17.62,-110.0,473.0
60.0,-17.62,-110.0,473.0
60.0,-17.62,-110.0,473.0
60.0,-17.62,-110.0,473.0
60.0,-17.62,-110.0,473.0
60.0,-17.62,-110.0,473.0
60.0,-17.62,-110.0,473.0
60.0,-17.62,-110.0,473.0
60.0,-17.62,-110.0,474.0
60.0,-17.62,-110.0,473.0
60.0,-17.62,-110.0,473.0
60.0,-17.62,-110.0,473.0
60.0,-17.62,-110.0,473.0
60.0,-17.62,-110.0,473.0
70.0,-4.13,-104.0,515.0
70.0,-4.13,-104.0,515.0
70.0,-4.13,-104.0,515.0
70.0,-4.13,-104.0,515.0
70.0,-4.13,-104.0,515.0
70.0,-4.13,-104.0,515.0
70.0,-4.13,-104.0,515.0
70.0,-4.13,-104.0,515.0
70.0,-4.13,-104.0,515.0
70.0,-4.13,-104.0,515.0
70.0,-4.13,-104.0,515.0
70.0,-4.13,-104.0,515.0
70.0,-4.13,-104.0,515.0
70.0,-4.13,-104.0,515.0
70.0,-4.13,-104.0,515.0
70.0,-4.13,-104.0,515.0
70.0,-4.13,-104.0,515.0
70.0,-4.13,-104.0,515.0
70.0,-4.13,-104.0,515.0
70.0,-4.13,-104.0,515.0
70.0,-4.13,-104.0,515.0
70.0,-4.13,-104.0,515.0
70.0,-4.13,-104.0,515.0
70.0,-4.13,-104.0,515.0
70.0,-4.13,-104.0,515.0
70.0,-4.13,-104.0,515.0
70.0,-4.13,-104.0,515.0
70.0,-4.13,-104.0,515.0
70.0,-4.13,-104.0,515.0
70.0,-4.13,-104.0,515.0
70.0,-4.13,-104.0,515.0
70.0,-4.13,-104.0,515.0
70.0,-4.13,-104.0,515.0
70.0,-4.13,-104.0,515.0
70.0,-4.13,-104.0,515.0
70.0,-4.13,-104.0,515.0
70.0,-4.13,-104.0,515.0
70.0,-4.13,-104.0,515.0
70.0,-4.13,-104.0,515.0
70.0,-4.13,-104.0,515.0
70.0,-4.13,-104.0,515.0
70.0,-4.13,-104.0,515.0
70.0,-4.13,-104.0,515.0
70.0,-4.13,-104.0,515.0
70.0,-4.13,-104.0,515.0
70.0,-4.13,-104.0,515.0
70.0,-4.13,-104.0,515.0
70.0,-4.13,-104.0,515.0
70.0,-4.13,-104.0,515.0
70.0,-4.13,-104.0,515.0
70.0,-4.13,-104.0,515.0
70.0,-4.13,-104.0,515.0
70.0,-4.13,-104.0,515.0
70.0,-4.13,-104.0,515.0
70.0,-4.13,-104.0,515.0
70.0,-4.13,-104.0,515.0
70.0,-4.13,-104.0,515.0
70.0,-4.13,-104.0,515.0
70.0,-4.13,-104.0,515.0
70.0,-4.13,-104.0,515.0
70.0,-4.13,-104.0,515.0
70.0,-4.13,-104.0,515.0
70.0,-4.13,-104.0,515.0
70.0,-4.13,-104.0,515.0
70.0,-4.13,-104.0,515.0
70.0,-4.13,-104.0,515.0
70.0,-4.13,-104.0,515.0
70.0,-4.13,-104.0,515.0
70.0,-4.13,-104.0,515.0
70.0,-4.13,-104.0,515.0
70.0,-4.13,-104.0,515.0
70.0,-4.13,-104.0,515.0
70.0,-4.13,-104.0,515.0
70.0,-4.13,-104.0,515.0
70.0,-4.13,-104.0,515.0
70.0,-4.13,-104.0,515.0
70.0,-4.13,-104.0,515.0
70.0,-4.13,-104.0,515.0
70.0,-4.13,-104.0,515.0
70.0,-4.13,-104.0,515.0
70.0,-4.13,-104.0,515.0
70.0,-4.13,-104.0,515.0
70.0,-4.13,-104.0,515.0
70.0,-4.13,-104.0,515.0
70.0,-4.13,-104.0,515.0
70.0,-4.13,-104.0,515.0
70.0,-4.13,-104.0,515.0
70.0,-4.13,-104.0,515.0
70.0,-4.13,-104.0,515.0
70.0,-4.13,-104.0,515.0
70.0,-4.13,-104.0,515.0
70.0,-4.13,-104.0,515.0
70.0,-4.13,-104.0,515.0
70.0,-4.13,-104.0,515.0
70.0,-4.13,-104.0,515.0
70.0,-4.13,-104.0,514.0
70.0,-4.13,-104.0,515.0
70.0,-4.13,-104.0,515.0
70.0,-4.13,-104.0,515.0
70.0,-4.13,-104.0,515.0
60.0,-16.81,-110.0,477.0
60.0,-16.81,-110.0,477.0
60.0,-16.81,-109.0,476.0
60.0,-16.81,-109.0,477.0
60.0,-16.81,-109.0,477.0
60.0,-16.81,-109.0,477.0
60.0,-16.81,-109.0,477.0
60.0,-16.81,-109.0,476.0
60.0,-16.81,-109.0,477.0
60.0,-16.81,-109.0,477.0
60.0,-16.81,-109.0,477.0
60.0,-16.81,-109.0,477.0
60.0,-16.81,-109.0,477.0
60.0,-16.81,-109.0,476.0
60.0,-16.81,-109.0,476.0
60.0,-16.81,-109.0,477.0
60.0,-16.81,-109.0,477.0
60.0,-16.81,-109.0,476.0
60.0,-16.81,-110.0,476.0
60.0,-16.81,-109.0,477.0
60.0,-16.81,-109.0,477.0
60.0,-16.81,-109.0,477.0
60.0,-16.81,-110.0,476.0
60.0,-16.81,-109.0,477.0
60.0,-16.81,-109.0,477.0
60.0,-16.81,-109.0,477.0
60.0,-16.81,-109.0,476.0
60.0,-16.81,-109.0,476.0
60.0,-16.81,-109.0,477.0
60.0,-16.81,-109.0,476.0
60.0,-16.81,-109.0,477.0
60.0,-16.81,-109.0,477.0
60.0,-16.81,-109.0,477.0
60.0,-16.81,-109.0,477.0
60.0,-16.81,-109.0,477.0
60.0,-16.81,-109.0,476.0
60.0,-16.81,-109.0,476.0
60.0,-16.81,-109.0,477.0
60.0,-16.81,-109.0,477.0
60.0,-16.81,-109.0,477.0
60.0,-16.81,-110.0,477.0
60.0,-16.81,-109.0,477.0
60.0,-16.81,-109.0,477.0
60.0,-16.81,-109.0,476.0
60.0,-16.81,-109.0,476.0
60.0,-16.81,-109.0,477.0
60.0,-16.81,-109.0,476.0
60.0,-16.81,-109.0,476.0
60.0,-16.81,-109.0,476.0
60.0,-16.81,-109.0,476.0
50.0,-30.81,-117.0,433.0
50.0,-30.81,-117.0,433.0
50.0,-30.81,-117.0,433.0
50.0,-30.81,-117.0,433.0
50.0,-30.81,-117.0,433.0
50.0,-30.81,-117.0,433.0
50.0,-30.81,-117.0,433.0
50.0,-30.81,-117.0,433.0
50.0,-30.81,-117.0,433.0
50.0,-30.81,-117.0,433.0
50.0,-30.81,-117.0,433.0
50.0,-30.81,-117.0,433.0
50.0,-30.81,-117.0,433.0
50.0,-30.81,-117.0,433.0
50.0,-30.81,-117.0,433.0
50.0,-30.81,-117.0,433.0
50.0,-30.81,-117.0,433.0
50.0,-30.81,-117.0,433.0
50.0,-30.81,-117.0,433.0
50.0,-30.81,-117.0,433.0
50.0,-30.81,-117.0,433.0
50.0,-30.81,-117.0,433.0
50.0,-30.81,-117.0,433.0
50.0,-30.81,-117.0,433.0
50.0,-30.81,-117.0,433.0
50.0,-30.81,-117.0,433.0
50.0,-30.81,-117.0,433.0
50.0,-30.81,-117.0,433.0
50.0,-30.81,-117.0,433.0
50.0,-30.81,-117.0,433.0
50.0,-30.81,-117.0,433.0
50.0,-30.81,-117.0,433.0
50.0,-30.81,-117.0,433.0
50.0,-30.81,-117.0,433.0
50.0,-30.81,-117.0,433.0
50.0,-30.81,-117.0,433.0
50.0,-30.81,-117.0,433.0
50.0,-30.81,-117.0,433.0
50.0,-30.81,-117.0,432.0
50.0,-30.81,-117.0,433.0
50.0,-30.81,-117.0,433.0
50.0,-30.81,-117.0,433.0
50.0,-30.81,-117.0,434.0
50.0,-30.81,-117.0,433.0
50.0,-30.81,-117.0,433.0
50.0,-30.81,-117.0,433.0
50.0,-30.81,-117.0,433.0
50.0,-30.81,-117.0,433.0
50.0,-30.81,-117.0,433.0
50.0,-30.81,-117.0,433.0
40.0,-45.75,-126.0,385.0
40.0,-45.75,-126.0,385.0
40.0,-45.69,-126.0,385.0
40.0,-45.69,-126.0,385.0
40.0,-45.69,-126.0,385.0
40.0,-45.69,-126.0,385.0
40.0,-45.69,-126.0,385.0
40.0,-45.69,-126.0,385.0
40.0,-45.69,-126.0,384.0
40.0,-45.69,-126.0,385.0
40.0,-45.69,-126.0,385.0
40.0,-45.69,-126.0,385.0
40.0,-45.69,-126.0,385.0
40.0,-45.69,-126.0,384.0
40.0,-45.69,-126.0,385.0
40.0,-45.69,-126.0,385.0
40.0,-45.69,-126.0,385.0
40.0,-45.69,-126.0,385.0
40.0,-45.69,-126.0,385.0
40.0,-45.69,-126.0,385.0
40.0,-45.69,-126.0,384.0
40.0,-45.69,-126.0,385.0
40.0,-45.69,-126.0,385.0
40.0,-45.69,-125.0,385.0
40.0,-45.69,-126.0,385.0
40.0,-45.69,-126.0,385.0
40.0,-45.69,-126.0,385.0
40.0,-45.69,-126.0,384.0
40.0,-45.69,-126.0,385.0
40.0,-45.69,-126.0,385.0
40.0,-45.69,-126.0,384.0
40.0,-45.69,-126.0,385.0
40.0,-45.69,-126.0,385.0
40.0,-45.69,-126.0,385.0
40.0,-45.69,-126.0,385.0
40.0,-45.69,-125.0,385.0
40.0,-45.69,-125.0,385.0
40.0,-45.69,-126.0,384.0
40.0,-45.69,-126.0,385.0
40.0,-45.69,-126.0,385.0
40.0,-45.69,-126.0,384.0
40.0,-45.69,-126.0,385.0
40.0,-45.69,-126.0,385.0
40.0,-45.69,-126.0,385.0
40.0,-45.69,-126.0,385.0
40.0,-45.69,-126.0,385.0
40.0,-45.69,-126.0,385.0
40.0,-45.69,-126.0,385.0
40.0,-45.69,-126.0,384.0
40.0,-45.69,-126.0,385.0
30.0,-60.31,-135.0,336.0
30.0,-60.25,-135.0,336.0
30.0,-60.25,-135.0,337.0
30.0,-60.19,-135.0,336.0
30.0,-60.13,-135.0,336.0
30.0,-60.13,-135.0,336.0
30.0,-60.13,-135.0,336.0
30.0,-60.13,-135.0,336.0
30.0,-60.13,-135.0,336.0
30.0,-60.13,-135.0,336.0
30.0,-60.13,-135.0,336.0
30.0,-60.13,-135.0,336.0
30.0,-60.13,-135.0,336.0
30.0,-60.13,-135.0,336.0
30.0,-60.13,-135.0,336.0
30.0,-60.13,-135.0,336.0
30.0,-60.13,-135.0,336.0
30.0,-60.13,-135.0,336.0
30.0,-60.13,-135.0,336.0
30.0,-60.13,-135.0,336.0
30.0,-60.13,-135.0,336.0
30.0,-60.13,-135.0,336.0
30.0,-60.13,-135.0,336.0
30.0,-60.13,-135.0,336.0
30.0,-60.13,-135.0,336.0
30.0,-60.13,-135.0,336.0
30.0,-60.13,-135.0,336.0
30.0,-60.13,-135.0,336.0
30.0,-60.13,-135.0,336.0
30.0,-60.13,-135.0,336.0
30.0,-60.13,-135.0,336.0
30.0,-60.13,-135.0,336.0
30.0,-60.13,-135.0,336.0
30.0,-60.13,-135.0,337.0
30.0,-60.13,-135.0,336.0
30.0,-60.13,-135.0,336.0
30.0,-60.13,-135.0,336.0
30.0,-60.13,-135.0,337.0
30.0,-60.13,-135.0,336.0
30.0,-60.13,-135.0,336.0
30.0,-60.13,-135.0,336.0
30.0,-60.13,-135.0,336.0
30.0,-60.13,-135.0,336.0
30.0,-60.13,-135.0,336.0
30.0,-60.13,-135.0,336.0
30.0,-60.13,-135.0,337.0
30.0,-60.13,-135.0,336.0
30.0,-60.13,-135.0,336.0
30.0,-60.13,-135.0,336.0
30.0,-60.13,-135.0,336.0
20.0,-73.75,-146.0,289.0
20.0,-73.75,-146.0,290.0
20.0,-73.69,-146.0,290.0
20.0,-73.62,-145.0,290.0
20.0,-73.62,-146.0,289.0
20.0,-73.62,-146.0,290.0
20.0,-73.62,-146.0,289.0
20.0,-73.62,-146.0,290.0
20.0,-73.62,-146.0,290.0
20.0,-73.62,-146.0,289.0
20.0,-73.62,-146.0,289.0
20.0,-73.62,-146.0,290.0
20.0,-73.62,-146.0,290.0
20.0,-73.62,-146.0,290.0
20.0,-73.62,-146.0,290.0
20.0,-73.62,-146.0,290.0
20.0,-73.62,-146.0,290.0
20.0,-73.62,-146.0,290.0
20.0,-73.62,-146.0,290.0
20.0,-73.62,-146.0,290.0
20.0,-73.62,-146.0,290.0
20.0,-73.62,-146.0,290.0
20.0,-73.62,-146.0,290.0
20.0,-73.62,-146.0,290.0
20.0,-73.62,-146.0,290.0
20.0,-73.62,-146.0,290.0
20.0,-73.62,-146.0,290.0
20.0,-73.62,-146.0,290.0
20.0,-73.62,-146.0,289.0
20.0,-73.62,-145.0,290.0
20.0,-73.62,-146.0,290.0
20.0,-73.62,-146.0,290.0
20.0,-73.62,-146.0,290.0
20.0,-73.62,-146.0,290.0
20.0,-73.62,-146.0,290.0
20.0,-73.62,-146.0,289.0
20.0,-73.62,-146.0,289.0
20.0,-73.62,-146.0,289.0
20.0,-73.62,-146.0,289.0
20.0,-73.62,-146.0,290.0
20.0,-73.62,-146.0,290.0
20.0,-73.62,-146.0,290.0
20.0,-73.62,-145.0,290.0
20.0,-73.62,-146.0,290.0
20.0,-73.62,-146.0,290.0
20.0,-73.62,-145.0,289.0
20.0,-73.62,-146.0,289.0
20.0,-73.62,-146.0,289.0
20.0,-73.62,-146.0,289.0
20.0,-73.62,-146.0,290.0
10.0,-86.19,-159.0,245.0
10.0,-86.19,-159.0,245.0
10.0,-86.12,-159.0,245.0
10.0,-86.12,-159.0,245.0
10.0,-86.12,-159.0,245.0
10.0,-86.12,-160.0,244.0
10.0,-86.12,-160.0,245.0
10.0,-86.12,-160.0,244.0
10.0,-86.12,-159.0,245.0
10.0,-86.12,-160.0,245.0
10.0,-86.12,-160.0,244.0
10.0,-86.12,-160.0,245.0
10.0,-86.12,-159.0,244.0
10.0,-86.12,-160.0,244.0
10.0,-86.12,-160.0,245.0
10.0,-86.12,-159.0,244.0
10.0,-86.12,-160.0,245.0
10.0,-86.12,-160.0,244.0
10.0,-86.12,-160.0,245.0
10.0,-86.12,-160.0,244.0
10.0,-86.12,-160.0,244.0
10.0,-86.12,-160.0,244.0
10.0,-86.12,-160.0,244.0
10.0,-86.12,-160.0,245.0
10.0,-86.12,-160.0,245.0
10.0,-86.12,-160.0,245.0
10.0,-86.12,-160.0,245.0
10.0,-86.12,-160.0,245.0
10.0,-86.12,-160.0,245.0
10.0,-86.12,-160.0,244.0
10.0,-86.12,-160.0,244.0
10.0,-86.12,-160.0,245.0
10.0,-86.12,-160.0,244.0
10.0,-86.12,-160.0,244.0
10.0,-86.12,-160.0,245.0
10.0,-86.12,-160.0,244.0
10.0,-86.12,-160.0,244.0
10.0,-86.12,-160.0,245.0
10.0,-86.12,-159.0,245.0
10.0,-86.12,-160.0,244.0
10.0,-86.12,-160.0,244.0
10.0,-86.12,-160.0,245.0
10.0,-86.12,-160.0,244.0
10.0,-86.12,-160.0,244.0
10.0,-86.12,-160.0,244.0
10.0,-86.12,-160.0,244.0
10.0,-86.12,-160.0,245.0
10.0,-86.12,-160.0,245.0
10.0,-86.12,-160.0,245.0
10.0,-86.12,-160.0,245.0
20.0,-74.12,-147.0,288.0
20.0,-74.06,-147.0,289.0
20.0,-74.0,-147.0,288.0
20.0,-74.0,-147.0,288.0
20.0,-73.94,-146.0,289.0
20.0,-73.94,-147.0,288.0
20.0,-73.94,-146.0,288.0
20.0,-73.94,-147.0,289.0
20.0,-73.94,-146.0,288.0
20.0,-73.94,-147.0,288.0
20.0,-73.94,-147.0,289.0
20.0,-73.94,-147.0,289.0
20.0,-73.94,-147.0,288.0
20.0,-73.94,-147.0,289.0
20.0,-73.94,-147.0,288.0
20.0,-73.94,-147.0,289.0
20.0,-73.94,-147.0,288.0
20.0,-73.94,-147.0,288.0
20.0,-73.94,-147.0,289.0
20.0,-73.94,-147.0,288.0
20.0,-73.94,-147.0,289.0
20.0,-73.94,-145.0,289.0
20.0,-73.94,-147.0,289.0
20.0,-73.94,-147.0,288.0
20.0,-73.94,-147.0,289.0
20.0,-73.94,-147.0,289.0
20.0,-73.94,-147.0,289.0
20.0,-73.94,-147.0,288.0
20.0,-73.94,-147.0,288.0
20.0,-73.94,-147.0,289.0
20.0,-73.94,-147.0,288.0
20.0,-73.94,-147.0,289.0
20.0,-73.94,-147.0,289.0
20.0,-73.94,-147.0,289.0
20.0,-73.94,-147.0,288.0
20.0,-73.94,-147.0,288.0
20.0,-73.94,-147.0,288.0
20.0,-73.94,-146.0,288.0
20.0,-73.94,-146.0,289.0
20.0,-73.94,-147.0,289.0
20.0,-73.94,-147.0,289.0
20.0,-73.94,-147.0,289.0
20.0,-73.94,-146.0,288.0
20.0,-73.94,-147.0,289.0
20.0,-73.94,-147.0,288.0
20.0,-73.94,-147.0,288.0
20.0,-73.94,-147.0,289.0
20.0,-73.94,-147.0,289.0
20.0,-73.94,-147.0,289.0
20.0,-73.94,-147.0,288.0
30.0,-60.31,-136.0,334.0
30.0,-60.31,-136.0,333.0
30.0,-60.31,-136.0,334.0
30.0,-60.31,-136.0,334.0
30.0,-60.31,-136.0,334.0
30.0,-60.31,-136.0,333.0
30.0,-60.31,-136.0,334.0
30.0,-60.25,-136.0,334.0
30.0,-60.25,-136.0,334.0
30.0,-60.25,-136.0,334.0
30.0,-60.25,-136.0,334.0
30.0,-60.25,-136.0,334.0
30.0,-60.25,-136.0,334.0
30.0,-60.25,-136.0,334.0
30.0,-60.25,-136.0,334.0
30.0,-60.25,-136.0,334.0
30.0,-60.25,-136.0,334.0
30.0,-60.25,-136.0,334.0
30.0,-60.25,-136.0,334.0
30.0,-60.25,-136.0,334.0
30.0,-60.25,-136.0,334.0
30.0,-60.25,-136.0,334.0
30.0,-60.25,-136.0,334.0
30.0,-60.25,-136.0,334.0
30.0,-60.25,-136.0,334.0
30.0,-60.25,-136.0,334.0
30.0,-60.25,-136.0,334.0
30.0,-60.25,-136.0,334.0
30.0,-60.25,-136.0,334.0
30.0,-60.25,-136.0,334.0
30.0,-60.25,-135.0,334.0
30.0,-60.25,-136.0,334.0
30.0,-60.25,-136.0,334.0
30.0,-60.25,-136.0,334.0
30.0,-60.25,-136.0,334.0
30.0,-60.25,-136.0,334.0
30.0,-60.25,-136.0,334.0
30.0,-60.25,-136.0,334.0
30.0,-60.25,-136.0,334.0
30.0,-60.25,-136.0,334.0
30.0,-60.25,-136.0,334.0
30.0,-60.25,-136.0,334.0
30.0,-60.25,-136.0,334.0
30.0,-60.25,-136.0,334.0
30.0,-60.25,-136.0,334.0
30.0,-60.25,-136.0,334.0
30.0,-60.25,-136.0,334.0
30.0,-60.25,-136.0,334.0
30.0,-60.25,-136.0,334.0
30.0,-60.25,-136.0,333.0
40.0,-45.94,-126.0,381.0
40.0,-45.94,-126.0,381.0
40.0,-45.94,-126.0,380.0
40.0,-45.94,-126.0,380.0
40.0,-45.94,-126.0,380.0
40.0,-45.94,-126.0,381.0
40.0,-45.94,-126.0,381.0
40.0,-45.94,-126.0,380.0
40.0,-45.94,-126.0,381.0
40.0,-45.94,-126.0,380.0
40.0,-45.94,-126.0,381.0
40.0,-45.94,-126.0,381.0
40.0,-45.94,-126.0,381.0
40.0,-45.94,-126.0,380.0
40.0,-45.94,-126.0,381.0
40.0,-45.94,-126.0,380.0
40.0,-45.94,-126.0,380.0
40.0,-45.94,-126.0,381.0
40.0,-45.94,-126.0,381.0
40.0,-45.94,-126.0,380.0
40.0,-45.94,-126.0,380.0
40.0,-45.94,-126.0,381.0
40.0,-45.94,-126.0,380.0
40.0,-45.94,-126.0,380.0
40.0,-45.94,-126.0,381.0
40.0,-45.94,-126.0,380.0
40.0,-45.94,-126.0,380.0
40.0,-45.94,-126.0,381.0
40.0,-45.94,-126.0,380.0
40.0,-45.94,-126.0,380.0
40.0,-45.94,-126.0,380.0
40.0,-45.94,-126.0,381.0
40.0,-45.94,-126.0,381.0
40.0,-45.94,-126.0,381.0
40.0,-45.94,-126.0,381.0
40.0,-45.94,-126.0,380.0
40.0,-45.94,-126.0,381.0
40.0,-45.94,-126.0,380.0
40.0,-45.94,-126.0,380.0
40.0,-45.94,-126.0,380.0
40.0,-45.94,-126.0,380.0
40.0,-45.94,-126.0,380.0
40.0,-45.94,-126.0,380.0
40.0,-45.94,-126.0,380.0
40.0,-45.94,-126.0,380.0
40.0,-45.94,-126.0,380.0
40.0,-45.94,-126.0,380.0
40.0,-45.94,-126.0,380.0
40.0,-45.94,-126.0,381.0
40.0,-45.94,-126.0,381.0
50.0,-31.81,-118.0,427.0
50.0,-31.81,-117.0,427.0
50.0,-31.87,-118.0,427.0
50.0,-31.87,-118.0,427.0
50.0,-31.94,-118.0,427.0
50.0,-31.94,-118.0,427.0
50.0,-31.94,-118.0,427.0
50.0,-31.94,-118.0,427.0
50.0,-31.94,-118.0,427.0
50.0,-31.94,-118.0,427.0
50.0,-31.94,-118.0,427.0
50.0,-31.94,-118.0,427.0
50.0,-31.94,-118.0,427.0
50.0,-31.94,-118.0,427.0
50.0,-31.94,-117.0,427.0
50.0,-31.94,-117.0,427.0
50.0,-31.94,-118.0,427.0
50.0,-31.94,-118.0,427.0
50.0,-31.94,-118.0,427.0
50.0,-31.94,-118.0,427.0
50.0,-31.94,-118.0,427.0
50.0,-31.94,-118.0,427.0
50.0,-31.94,-118.0,427.0
50.0,-31.94,-118.0,427.0
50.0,-31.94,-118.0,427.0
50.0,-31.94,-118.0,426.0
50.0,-31.94,-118.0,427.0
50.0,-31.94,-118.0,427.0
50.0,-31.94,-118.0,427.0
50.0,-31.94,-118.0,427.0
50.0,-31.94,-118.0,427.0
50.0,-31.94,-118.0,427.0
50.0,-31.94,-118.0,427.0
50.0,-31.94,-118.0,427.0
50.0,-31.94,-118.0,427.0
50.0,-31.94,-118.0,427.0
50.0,-31.94,-118.0,427.0
50.0,-31.94,-118.0,426.0
50.0,-31.94,-118.0,427.0
50.0,-31.94,-118.0,427.0
50.0,-31.94,-118.0,427.0
50.0,-31.94,-118.0,427.0
50.0,-31.94,-118.0,427.0
50.0,-31.94,-117.0,427.0
50.0,-31.94,-118.0,427.0
50.0,-31.94,-118.0,427.0
50.0,-31.94,-117.0,427.0
50.0,-31.94,-118.0,427.0
50.0,-31.94,-117.0,427.0
50.0,-31.94,-118.0,427.0
60.0,-17.75,-110.0,473.0
60.0,-17.81,-110.0,472.0
60.0,-17.81,-110.0,473.0
60.0,-17.87,-110.0,472.0
60.0,-17.87,-110.0,472.0
60.0,-17.87,-110.0,473.0
60.0,-17.87,-110.0,472.0
60.0,-17.87,-110.0,472.0
60.0,-17.87,-110.0,473.0
60.0,-17.87,-110.0,473.0
60.0,-17.87,-110.0,473.0
60.0,-17.87,-110.0,473.0
60.0,-17.87,-110.0,473.0
60.0,-17.87,-110.0,473.0
60.0,-17.87,-110.0,472.0
60.0,-17.87,-110.0,473.0
60.0,-17.87,-110.0,473.0
60.0,-17.87,-110.0,472.0
60.0,-17.87,-110.0,473.0
60.0,-17.87,-110.0,473.0
60.0,-17.87,-110.0,472.0
60.0,-17.87,-109.0,472.0
60.0,-17.87,-110.0,473.0
60.0,-17.75,-110.0,473.0
60.0,-17.75,-110.0,473.0
60.0,-17.75,-110.0,473.0
60.0,-17.75,-110.0,473.0
60.0,-17.75,-110.0,473.0
60.0,-17.75,-110.0,473.0
60.0,-17.75,-110.0,473.0
60.0,-17.75,-110.0,473.0
60.0,-17.75,-110.0,473.0
60.0,-17.75,-110.0,473.0
60.0,-17.75,-110.0,473.0
60.0,-17.75,-110.0,473.0
60.0,-17.75,-110.0,473.0
60.0,-17.75,-110.0,473.0
60.0,-17.75,-110.0,473.0
60.0,-17.75,-110.0,473.0
60.0,-17.75,-110.0,473.0
60.0,-17.75,-110.0,473.0
60.0,-17.75,-110.0,473.0
60.0,-17.75,-110.0,473.0
60.0,-17.75,-110.0,473.0
60.0,-17.75,-110.0,473.0
60.0,-17.75,-110.0,473.0
60.0,-17.75,-110.0,473.0
60.0,-17.75,-110.0,473.0
60.0,-17.75,-110.0,473.0
60.0,-17.75,-110.0,473.0
70.0,-4.25,-104.0,514.0
70.0,-4.25,-104.0,515.0
70.0,-4.25,-104.0,514.0
70.0,-4.25,-104.0,514.0
70.0,-4.25,-104.0,515.0
70.0,-4.13,-104.0,515.0
70.0,-4.13,-104.0,515.0
70.0,-4.13,-104.0,515.0
70.0,-4.13,-104.0,515.0
70.0,-4.13,-103.0,515.0
70.0,-4.13,-104.0,515.0
70.0,-4.13,-104.0,516.0
70.0,-4.13,-104.0,515.0
70.0,-4.13,-104.0,515.0
70.0,-4.13,-104.0,515.0
70.0,-4.13,-104.0,515.0
70.0,-4.13,-104.0,515.0
70.0,-4.13,-104.0,515.0
70.0,-4.13,-104.0,515.0
70.0,-4.13,-104.0,515.0
70.0,-4.13,-104.0,515.0
70.0,-4.13,-104.0,515.0
70.0,-4.13,-104.0,515.0
70.0,-4.13,-104.0,515.0
70.0,-4.13,-104.0,515.0
70.0,-4.13,-104.0,515.0
70.0,-4.13,-104.0,515.0
70.0,-4.13,-103.0,515.0
70.0,-4.13,-104.0,515.0
70.0,-4.13,-104.0,515.0
70.0,-4.13,-103.0,515.0
70.0,-4.13,-104.0,515.0
70.0,-4.13,-104.0,515.0
70.0,-4.13,-104.0,515.0
70.0,-4.13,-104.0,515.0
70.0,-4.13,-104.0,515.0
70.0,-4.13,-104.0,515.0
70.0,-4.13,-104.0,515.0
70.0,-4.13,-104.0,515.0
70.0,-4.13,-104.0,515.0
70.0,-4.13,-104.0,515.0
70.0,-4.13,-104.0,515.0
70.0,-4.13,-104.0,515.0
70.0,-4.13,-104.0,515.0
70.0,-4.13,-103.0,515.0
70.0,-4.13,-104.0,515.0
70.0,-4.13,-104.0,521.0
70.0,-2.13,-103.0,521.0
70.0,-2.13,-103.0,521.0
70.0,-2.13,-103.0,520.0
70.0,-2.13,-103.0,521.0
70.0,-2.13,-103.0,521.0
70.0,-2.13,-103.0,521.0
70.0,-2.13,-103.0,521.0
70.0,-2.13,-103.0,522.0
70.0,-2.13,-103.0,522.0
70.0,-2.13,-103.0,521.0
70.0,-2.13,-103.0,522.0
70.0,-2.13,-103.0,521.0
70.0,-2.13,-103.0,521.0
70.0,-2.13,-103.0,521.0
70.0,-2.13,-103.0,521.0
70.0,-2.13,-103.0,521.0
70.0,-2.13,-103.0,522.0
70.0,-2.13,-103.0,521.0
70.0,-2.13,-103.0,521.0
70.0,-2.13,-103.0,521.0
70.0,-2.13,-103.0,522.0
70.0,-2.13,-103.0,521.0
70.0,-2.13,-103.0,521.0
70.0,-2.13,-103.0,521.0
70.0,-2.13,-103.0,522.0
70.0,-2.13,-103.0,521.0
70.0,-2.13,-103.0,521.0
70.0,-2.13,-103.0,521.0
70.0,-2.13,-103.0,521.0
70.0,-2.13,-103.0,521.0
70.0,-2.13,-103.0,521.0
70.0,-2.13,-103.0,521.0
70.0,-2.13,-103.0,522.0
70.0,-2.13,-103.0,522.0
70.0,-2.13,-103.0,521.0
70.0,-2.13,-103.0,521.0
70.0,-2.13,-103.0,521.0
70.0,-2.13,-103.0,521.0
70.0,-2.13,-103.0,521.0
70.0,-2.13,-103.0,521.0
70.0,-2.13,-103.0,521.0
70.0,-2.13,-103.0,521.0
70.0,-2.13,-103.0,521.0
70.0,-2.13,-103.0,521.0
70.0,-2.13,-103.0,521.0
70.0,-2.13,-103.0,522.0
70.0,-2.13,-103.0,521.0
70.0,-2.13,-103.0,521.0
70.0,-2.13,-103.0,522.0
70.0,-2.13,-103.0,521.0
70.0,-2.13,-103.0,521.0
70.0,-2.13,-103.0,521.0
70.0,-2.13,-103.0,521.0
60.0,-16.44,-109.0,478.0
60.0,-16.44,-109.0,477.0
60.0,-16.44,-109.0,477.0
60.0,-16.44,-109.0,477.0
60.0,-16.44,-109.0,478.0
60.0,-16.44,-109.0,477.0
60.0,-16.44,-109.0,477.0
60.0,-16.44,-109.0,477.0
60.0,-16.44,-109.0,478.0
60.0,-16.44,-109.0,477.0
60.0,-16.44,-109.0,477.0
60.0,-16.44,-109.0,478.0
60.0,-16.44,-109.0,478.0
60.0,-16.44,-109.0,477.0
60.0,-16.44,-109.0,477.0
60.0,-16.44,-109.0,477.0
60.0,-16.44,-109.0,477.0
60.0,-16.44,-109.0,477.0
60.0,-16.44,-109.0,477.0
60.0,-16.44,-109.0,477.0
60.0,-16.44,-109.0,477.0
60.0,-16.44,-109.0,477.0
60.0,-16.44,-109.0,478.0
60.0,-16.44,-109.0,477.0
60.0,-16.44,-109.0,478.0
60.0,-16.44,-109.0,477.0
60.0,-16.44,-109.0,477.0
60.0,-16.44,-109.0,478.0
60.0,-16.44,-109.0,478.0
60.0,-16.44,-109.0,478.0
60.0,-16.44,-109.0,478.0
60.0,-16.44,-109.0,478.0
60.0,-16.44,-109.0,477.0
60.0,-16.44,-109.0,477.0
60.0,-16.44,-109.0,477.0
60.0,-16.44,-109.0,478.0
60.0,-16.44,-109.0,477.0
60.0,-16.44,-109.0,477.0
60.0,-16.44,-109.0,477.0
60.0,-16.44,-109.0,477.0
60.0,-16.44,-109.0,478.0
60.0,-16.44,-109.0,477.0
60.0,-16.44,-109.0,477.0
60.0,-16.44,-109.0,478.0
60.0,-16.44,-109.0,477.0
60.0,-16.44,-109.0,477.0
60.0,-16.44,-109.0,478.0
60.0,-16.44,-109.0,477.0
60.0,-16.44,-109.0,477.0
60.0,-16.44,-109.0,478.0
50.0,-30.62,-117.0,433.0
50.0,-30.62,-117.0,433.0
50.0,-30.62,-117.0,432.0
50.0,-30.62,-116.0,433.0
50.0,-30.62,-117.0,433.0
50.0,-30.62,-117.0,433.0
50.0,-30.62,-117.0,433.0
50.0,-30.62,-117.0,433.0
50.0,-30.62,-117.0,433.0
50.0,-30.62,-117.0,433.0
50.0,-30.62,-117.0,433.0
50.0,-30.62,-117.0,433.0
50.0,-30.62,-117.0,433.0
50.0,-30.62,-117.0,433.0
50.0,-30.62,-117.0,433.0
50.0,-30.62,-117.0,433.0
50.0,-30.62,-117.0,433.0
50.0,-30.62,-116.0,433.0
50.0,-30.62,-117.0,433.0
50.0,-30.62,-117.0,433.0
50.0,-30.62,-117.0,433.0
50.0,-30.62,-117.0,433.0
50.0,-30.62,-117.0,433.0
50.0,-30.62,-117.0,433.0
50.0,-30.62,-117.0,433.0
50.0,-30.62,-117.0,433.0
50.0,-30.62,-117.0,432.0
50.0,-30.62,-117.0,433.0
50.0,-30.62,-117.0,433.0
50.0,-30.62,-117.0,433.0
50.0,-30.62,-116.0,432.0
50.0,-30.62,-117.0,433.0
50.0,-30.62,-117.0,433.0
50.0,-30.62,-117.0,433.0
50.0,-30.62,-117.0,433.0
50.0,-30.62,-117.0,433.0
50.0,-30.62,-117.0,433.0
50.0,-30.62,-117.0,433.0
50.0,-30.62,-117.0,433.0
50.0,-30.62,-117.0,433.0
50.0,-30.62,-116.0,433.0
50.0,-30.62,-117.0,433.0
50.0,-30.62,-117.0,433.0
50.0,-30.62,-117.0,433.0
50.0,-30.62,-117.0,433.0
50.0,-30.62,-117.0,433.0
50.0,-30.62,-117.0,433.0
50.0,-30.62,-117.0,433.0
50.0,-30.62,-117.0,433.0
50.0,-30.62,-117.0,433.0
40.0,-45.75,-126.0,385.0
40.0,-45.75,-126.0,385.0
40.0,-45.75,-126.0,384.0
40.0,-45.75,-126.0,385.0
40.0,-45.75,-126.0,385.0
40.0,-45.75,-126.0,385.0
40.0,-45.75,-126.0,385.0
40.0,-45.75,-126.0,385.0
40.0,-45.75,-125.0,385.0
40.0,-45.75,-126.0,384.0
40.0,-45.75,-126.0,385.0
40.0,-45.75,-126.0,385.0
40.0,-45.75,-126.0,385.0
40.0,-45.75,-126.0,385.0
40.0,-45.75,-126.0,384.0
40.0,-45.75,-125.0,384.0
40.0,-45.75,-126.0,385.0
40.0,-45.75,-126.0,384.0
40.0,-45.75,-126.0,385.0
40.0,-45.75,-126.0,384.0
40.0,-45.75,-125.0,385.0
40.0,-45.75,-126.0,385.0
40.0,-45.75,-126.0,384.0
40.0,-45.75,-126.0,385.0
40.0,-45.75,-126.0,384.0
40.0,-45.75,-126.0,385.0
40.0,-45.75,-126.0,384.0
40.0,-45.75,-126.0,384.0
40.0,-45.75,-125.0,385.0
40.0,-45.75,-126.0,384.0
40.0,-45.75,-126.0,385.0
40.0,-45.75,-126.0,384.0
40.0,-45.75,-126.0,385.0
40.0,-45.75,-125.0,385.0
40.0,-45.75,-126.0,385.0
40.0,-45.75,-126.0,385.0
40.0,-45.75,-126.0,385.0
40.0,-45.75,-126.0,384.0
40.0,-45.75,-126.0,385.0
40.0,-45.75,-126.0,385.0
40.0,-45.75,-126.0,385.0
40.0,-45.75,-126.0,385.0
40.0,-45.75,-126.0,384.0
40.0,-45.75,-126.0,384.0
40.0,-45.75,-126.0,384.0
40.0,-45.75,-125.0,385.0
40.0,-45.75,-126.0,384.0
40.0,-45.75,-126.0,384.0
40.0,-45.75,-126.0,385.0
40.0,-45.75,-126.0,385.0
30.0,-60.56,-136.0,336.0
30.0,-60.5,-136.0,336.0
30.0,-60.5,-136.0,336.0
30.0,-60.44,-136.0,336.0
30.0,-60.44,-135.0,336.0
30.0,-60.44,-136.0,336.0
30.0,-60.44,-136.0,336.0
30.0,-60.44,-135.0,336.0
30.0,-60.44,-136.0,336.0
30.0,-60.44,-136.0,336.0
30.0,-60.44,-136.0,336.0
30.0,-60.44,-136.0,336.0
30.0,-60.44,-136.0,336.0
30.0,-60.44,-136.0,336.0
30.0,-60.44,-135.0,336.0
30.0,-60.44,-136.0,336.0
30.0,-60.44,-135.0,336.0
30.0,-60.44,-136.0,336.0
30.0,-60.44,-136.0,336.0
30.0,-60.44,-136.0,336.0
30.0,-60.44,-136.0,336.0
30.0,-60.44,-136.0,336.0
30.0,-60.44,-136.0,336.0
30.0,-60.44,-136.0,336.0
30.0,-60.44,-136.0,336.0
30.0,-60.44,-136.0,336.0
30.0,-60.44,-136.0,336.0
30.0,-60.44,-136.0,336.0
30.0,-60.44,-136.0,335.0
30.0,-60.44,-135.0,336.0
30.0,-60.44,-136.0,336.0
30.0,-60.44,-136.0,336.0
30.0,-60.44,-136.0,336.0
30.0,-60.44,-136.0,336.0
30.0,-60.44,-136.0,336.0
30.0,-60.44,-135.0,336.0
30.0,-60.44,-136.0,336.0
30.0,-60.44,-136.0,335.0
30.0,-60.44,-135.0,336.0
30.0,-60.44,-136.0,336.0
30.0,-60.44,-135.0,336.0
30.0,-60.44,-136.0,336.0
30.0,-60.44,-134.0,336.0
30.0,-60.44,-135.0,336.0
30.0,-60.44,-136.0,336.0
30.0,-60.44,-135.0,336.0
30.0,-60.44,-136.0,336.0
30.0,-60.44,-136.0,335.0
30.0,-60.44,-136.0,336.0
30.0,-60.44,-135.0,342.0
20.0,-73.87,-146.0,289.0
20.0,-73.87,-146.0,289.0
20.0,-73.81,-146.0,290.0
20.0,-73.81,-146.0,289.0
20.0,-73.81,-146.0,289.0
20.0,-73.81,-146.0,290.0
20.0,-73.81,-146.0,289.0
20.0,-73.81,-146.0,290.0
20.0,-73.81,-145.0,290.0
20.0,-73.81,-146.0,289.0
20.0,-73.81,-146.0,290.0
20.0,-73.81,-146.0,289.0
20.0,-73.81,-146.0,290.0
20.0,-73.81,-146.0,290.0
20.0,-73.81,-146.0,290.0
20.0,-73.81,-146.0,289.0
20.0,-73.81,-146.0,289.0
20.0,-73.81,-146.0,289.0
20.0,-73.81,-146.0,289.0
20.0,-73.81,-146.0,289.0
20.0,-73.81,-146.0,290.0
20.0,-73.81,-146.0,290.0
20.0,-73.81,-146.0,289.0
20.0,-73.81,-146.0,289.0
20.0,-73.81,-146.0,289.0
20.0,-73.81,-145.0,290.0
20.0,-73.81,-146.0,289.0
20.0,-73.81,-146.0,289.0
20.0,-73.81,-146.0,289.0
20.0,-73.81,-146.0,289.0
20.0,-73.81,-146.0,289.0
20.0,-73.81,-146.0,290.0
20.0,-73.81,-146.0,290.0
20.0,-73.81,-146.0,289.0
20.0,-73.81,-146.0,290.0
20.0,-73.81,-146.0,290.0
20.0,-73.81,-146.0,289.0
20.0,-73.81,-146.0,289.0
20.0,-73.81,-145.0,289.0
20.0,-73.81,-146.0,290.0
20.0,-73.81,-146.0,289.0
20.0,-73.81,-146.0,289.0
20.0,-73.81,-146.0,289.0
20.0,-73.81,-146.0,289.0
20.0,-73.81,-146.0,289.0
20.0,-73.81,-146.0,289.0
20.0,-73.81,-146.0,289.0
20.0,-73.81,-146.0,290.0
20.0,-73.81,-146.0,289.0
20.0,-73.81,-146.0,289.0
10.0,-86.5,-159.0,244.0
10.0,-86.44,-159.0,244.0
10.0,-86.44,-160.0,244.0
10.0,-86.44,-160.0,244.0
10.0,-86.44,-160.0,244.0
10.0,-86.44,-160.0,244.0
10.0,-86.44,-160.0,244.0
10.0,-86.44,-159.0,245.0
10.0,-86.44,-160.0,245.0
10.0,-86.44,-160.0,245.0
10.0,-86.44,-160.0,244.0
10.0,-86.44,-160.0,244.0
10.0,-86.44,-160.0,244.0
10.0,-86.44,-160.0,245.0
10.0,-86.44,-159.0,244.0
10.0,-86.44,-160.0,244.0
10.0,-86.44,-160.0,244.0
10.0,-86.44,-160.0,244.0
10.0,-86.44,-160.0,244.0
10.0,-86.44,-160.0,245.0
10.0,-86.44,-160.0,244.0
10.0,-86.44,-160.0,244.0
10.0,-86.44,-160.0,244.0
10.0,-86.44,-160.0,244.0
10.0,-86.44,-160.0,244.0
10.0,-86.44,-160.0,244.0
10.0,-86.44,-160.0,244.0
10.0,-86.44,-159.0,244.0
10.0,-86.44,-160.0,244.0
10.0,-86.44,-160.0,244.0
10.0,-86.44,-160.0,244.0
10.0,-86.44,-160.0,244.0
10.0,-86.44,-160.0,244.0
10.0,-86.44,-160.0,244.0
10.0,-86.44,-160.0,244.0
10.0,-86.44,-160.0,244.0
10.0,-86.44,-160.0,244.0
10.0,-86.44,-160.0,244.0
10.0,-86.44,-160.0,244.0
10.0,-86.44,-160.0,244.0
10.0,-86.44,-160.0,244.0
10.0,-86.44,-160.0,244.0
10.0,-86.44,-160.0,244.0
10.0,-86.44,-160.0,244.0
10.0,-86.44,-160.0,244.0
10.0,-86.44,-160.0,244.0
10.0,-86.44,-160.0,244.0
10.0,-86.44,-160.0,244.0
10.0,-86.44,-160.0,244.0
10.0,-86.44,-160.0,244.0
20.0,-73.44,-146.0,289.0
20.0,-73.44,-146.0,288.0
20.0,-73.44,-146.0,289.0
20.0,-73.44,-147.0,289.0
20.0,-73.44,-147.0,289.0
20.0,-73.44,-147.0,288.0
20.0,-73.44,-147.0,288.0
20.0,-73.44,-147.0,289.0
20.0,-73.44,-147.0,289.0
20.0,-73.44,-147.0,288.0
20.0,-73.44,-146.0,288.0
20.0,-73.44,-146.0,289.0
20.0,-73.44,-146.0,289.0
20.0,-73.44,-146.0,289.0
20.0,-73.44,-147.0,289.0
20.0,-73.44,-147.0,289.0
20.0,-73.44,-147.0,289.0
20.0,-73.44,-147.0,288.0
20.0,-73.44,-146.0,289.0
20.0,-73.44,-147.0,288.0
20.0,-73.44,-147.0,289.0
20.0,-73.44,-147.0,289.0
20.0,-73.44,-147.0,289.0
20.0,-73.44,-147.0,288.0
20.0,-73.44,-147.0,289.0
20.0,-73.44,-147.0,289.0
20.0,-73.44,-147.0,289.0
20.0,-73.44,-147.0,289.0
20.0,-73.44,-147.0,289.0
20.0,-73.44,-147.0,288.0
20.0,-73.44,-147.0,289.0
20.0,-73.44,-147.0,289.0
20.0,-73.44,-147.0,288.0
20.0,-73.44,-147.0,290.0
20.0,-73.44,-146.0,289.0
20.0,-73.44,-147.0,288.0
20.0,-73.44,-145.0,289.0
20.0,-73.44,-147.0,289.0
20.0,-73.44,-147.0,289.0
20.0,-73.44,-147.0,289.0
20.0,-73.44,-147.0,289.0
20.0,-73.44,-147.0,289.0
20.0,-73.44,-147.0,289.0
20.0,-73.44,-147.0,289.0
20.0,-73.44,-146.0,289.0
20.0,-73.44,-147.0,289.0
20.0,-73.44,-147.0,289.0
20.0,-73.44,-147.0,289.0
20.0,-73.44,-147.0,288.0
20.0,-73.44,-145.0,289.0
30.0,-59.75,-136.0,334.0
30.0,-59.75,-136.0,334.0
30.0,-59.75,-136.0,334.0
30.0,-59.75,-136.0,334.0
30.0,-59.75,-136.0,334.0
30.0,-59.75,-136.0,334.0
30.0,-59.75,-136.0,334.0
30.0,-59.75,-136.0,334.0
30.0,-59.75,-136.0,334.0
30.0,-59.75,-136.0,334.0
30.0,-59.75,-136.0,334.0
30.0,-59.75,-136.0,334.0
30.0,-59.75,-136.0,334.0
30.0,-59.75,-136.0,334.0
30.0,-59.75,-134.0,334.0
30.0,-59.75,-136.0,334.0
30.0,-59.75,-136.0,333.0
30.0,-59.75,-136.0,334.0
30.0,-59.75,-135.0,334.0
30.0,-59.75,-136.0,334.0
30.0,-59.75,-136.0,333.0
30.0,-59.75,-136.0,334.0
30.0,-59.75,-136.0,334.0
30.0,-59.75,-136.0,334.0
30.0,-59.75,-136.0,334.0
30.0,-59.75,-136.0,334.0
30.0,-59.75,-136.0,334.0
30.0,-59.75,-136.0,334.0
30.0,-59.75,-136.0,334.0
30.0,-59.75,-136.0,334.0
30.0,-59.75,-136.0,334.0
30.0,-59.75,-136.0,334.0
30.0,-59.75,-136.0,333.0
30.0,-59.75,-136.0,334.0
30.0,-59.75,-136.0,334.0
30.0,-59.75,-136.0,334.0
30.0,-59.75,-136.0,334.0
30.0,-59.75,-136.0,334.0
30.0,-59.75,-136.0,334.0
30.0,-59.75,-136.0,334.0
30.0,-59.75,-136.0,334.0
30.0,-59.75,-136.0,334.0
30.0,-59.75,-136.0,335.0
30.0,-59.63,-136.0,334.0
30.0,-59.63,-136.0,334.0
30.0,-59.63,-136.0,334.0
30.0,-59.63,-136.0,335.0
30.0,-59.63,-136.0,334.0
30.0,-59.63,-136.0,335.0
30.0,-59.63,-136.0,335.0
40.0,-45.75,-126.0,381.0
40.0,-45.75,-126.0,381.0
40.0,-45.81,-126.0,380.0
40.0,-45.81,-126.0,380.0
40.0,-45.81,-126.0,381.0
40.0,-45.81,-126.0,380.0
40.0,-45.81,-126.0,381.0
40.0,-45.81,-126.0,380.0
40.0,-45.81,-126.0,380.0
40.0,-45.75,-126.0,381.0
40.0,-45.69,-126.0,381.0
40.0,-45.69,-126.0,381.0
40.0,-45.69,-126.0,381.0
40.0,-45.69,-126.0,381.0
40.0,-45.69,-126.0,381.0
40.0,-45.69,-126.0,382.0
40.0,-45.69,-126.0,381.0
40.0,-45.69,-126.0,381.0
40.0,-45.69,-126.0,381.0
40.0,-45.69,-126.0,381.0
40.0,-45.69,-126.0,381.0
40.0,-45.69,-126.0,381.0
40.0,-45.69,-126.0,381.0
40.0,-45.69,-126.0,380.0
40.0,-45.69,-126.0,381.0
40.0,-45.69,-126.0,381.0
40.0,-45.69,-126.0,381.0
40.0,-45.69,-126.0,381.0
40.0,-45.69,-126.0,381.0
40.0,-45.69,-126.0,381.0
40.0,-45.69,-126.0,381.0
40.0,-45.69,-126.0,381.0
40.0,-45.69,-126.0,381.0
40.0,-45.69,-126.0,381.0
40.0,-45.69,-126.0,381.0
40.0,-45.69,-126.0,381.0
40.0,-45.69,-126.0,381.0
40.0,-45.69,-126.0,381.0
40.0,-45.69,-126.0,381.0
40.0,-45.69,-126.0,381.0
40.0,-45.69,-126.0,381.0
40.0,-45.69,-126.0,381.0
40.0,-45.69,-126.0,381.0
40.0,-45.69,-126.0,381.0
40.0,-45.69,-126.0,381.0
40.0,-45.69,-126.0,381.0
40.0,-45.69,-126.0,381.0
40.0,-45.69,-126.0,381.0
40.0,-45.69,-126.0,381.0
40.0,-45.69,-126.0,381.0
50.0,-31.62,-118.0,427.0
50.0,-31.62,-118.0,427.0
50.0,-31.69,-118.0,427.0
50.0,-31.75,-118.0,427.0
50.0,-31.75,-117.0,428.0
50.0,-31.81,-118.0,427.0
50.0,-31.81,-118.0,427.0
50.0,-31.81,-118.0,427.0
50.0,-31.81,-118.0,427.0
50.0,-31.81,-118.0,427.0
50.0,-31.81,-118.0,428.0
50.0,-31.81,-118.0,427.0
50.0,-31.81,-118.0,427.0
50.0,-31.81,-118.0,428.0
50.0,-31.81,-118.0,427.0
50.0,-31.81,-118.0,428.0
50.0,-31.81,-118.0,427.0
50.0,-31.81,-117.0,427.0
50.0,-31.81,-118.0,427.0
50.0,-31.81,-118.0,427.0
50.0,-31.81,-117.0,428.0
50.0,-31.81,-118.0,427.0
50.0,-31.81,-118.0,427.0
50.0,-31.81,-118.0,427.0
50.0,-31.81,-118.0,428.0
50.0,-31.81,-117.0,427.0
50.0,-31.81,-117.0,427.0
50.0,-31.81,-118.0,427.0
50.0,-31.81,-118.0,427.0
50.0,-31.81,-118.0,428.0
50.0,-31.81,-118.0,427.0
50.0,-31.81,-118.0,427.0
50.0,-31.81,-118.0,427.0
50.0,-31.81,-118.0,428.0
50.0,-31.81,-118.0,427.0
50.0,-31.81,-117.0,428.0
50.0,-31.81,-118.0,427.0
50.0,-31.81,-118.0,428.0
50.0,-31.81,-118.0,427.0
50.0,-31.81,-118.0,428.0
50.0,-31.81,-118.0,427.0
50.0,-31.81,-118.0,427.0
50.0,-31.81,-118.0,428.0
50.0,-31.81,-118.0,427.0
50.0,-31.81,-118.0,427.0
50.0,-31.81,-118.0,427.0
50.0,-31.81,-118.0,427.0
50.0,-31.81,-118.0,427.0
50.0,-31.81,-118.0,427.0
50.0,-31.81,-117.0,427.0
60.0,-17.62,-110.0,472.0
60.0,-17.69,-110.0,473.0
60.0,-17.69,-110.0,473.0
60.0,-17.75,-110.0,472.0
60.0,-17.81,-110.0,472.0
60.0,-17.81,-110.0,472.0
60.0,-17.81,-110.0,472.0
60.0,-17.81,-110.0,473.0
60.0,-17.81,-110.0,473.0
60.0,-17.81,-110.0,473.0
60.0,-17.81,-110.0,472.0
60.0,-17.81,-110.0,472.0
60.0,-17.81,-110.0,472.0
60.0,-17.81,-110.0,473.0
60.0,-17.81,-110.0,472.0
60.0,-17.81,-110.0,472.0
60.0,-17.81,-110.0,472.0
60.0,-17.81,-110.0,473.0
60.0,-17.81,-110.0,473.0
60.0,-17.81,-110.0,473.0
60.0,-17.81,-110.0,473.0
60.0,-17.81,-110.0,472.0
60.0,-17.81,-110.0,472.0
60.0,-17.81,-110.0,472.0
60.0,-17.81,-110.0,473.0
60.0,-17.81,-110.0,472.0
60.0,-17.81,-110.0,473.0
60.0,-17.81,-110.0,472.0
60.0,-17.81,-110.0,473.0
60.0,-17.81,-110.0,473.0
60.0,-17.81,-110.0,473.0
60.0,-17.81,-110.0,473.0
60.0,-17.81,-110.0,472.0
60.0,-17.81,-110.0,472.0
60.0,-17.81,-110.0,473.0
60.0,-17.81,-110.0,472.0
60.0,-17.81,-110.0,472.0
60.0,-17.81,-110.0,472.0
60.0,-17.81,-110.0,472.0
60.0,-17.81,-110.0,473.0
60.0,-17.81,-110.0,473.0
60.0,-17.81,-110.0,472.0
60.0,-17.81,-110.0,472.0
60.0,-17.81,-110.0,472.0
60.0,-17.81,-110.0,473.0
60.0,-17.81,-110.0,472.0
60.0,-17.81,-110.0,472.0
60.0,-17.81,-110.0,472.0
60.0,-17.81,-110.0,473.0
60.0,-17.81,-110.0,472.0
70.0,-4.25,-104.0,515.0
70.0,-4.25,-104.0,515.0
70.0,-4.31,-104.0,515.0
70.0,-4.31,-104.0,515.0
70.0,-4.31,-104.0,515.0
70.0,-4.31,-104.0,515.0
70.0,-4.31,-104.0,515.0
70.0,-4.31,-104.0,515.0
70.0,-4.31,-103.0,515.0
70.0,-4.31,-104.0,515.0
70.0,-4.31,-104.0,515.0
70.0,-4.31,-104.0,515.0
70.0,-4.31,-104.0,515.0
70.0,-4.31,-104.0,515.0
70.0,-4.31,-104.0,515.0
70.0,-4.31,-104.0,515.0
70.0,-4.31,-104.0,515.0
70.0,-4.31,-104.0,515.0
70.0,-4.31,-104.0,515.0
70.0,-4.31,-104.0,515.0
70.0,-4.31,-104.0,515.0
70.0,-4.31,-104.0,515.0
70.0,-4.31,-104.0,515.0
70.0,-4.31,-104.0,515.0
70.0,-4.31,-104.0,515.0
70.0,-4.31,-104.0,515.0
70.0,-4.31,-104.0,515.0
70.0,-4.31,-104.0,515.0
70.0,-4.31,-104.0,515.0
70.0,-4.31,-104.0,515.0
70.0,-4.31,-104.0,515.0
70.0,-4.31,-104.0,515.0
70.0,-4.31,-104.0,515.0
70.0,-4.31,-104.0,515.0
70.0,-4.31,-103.0,515.0
70.0,-4.31,-104.0,515.0
70.0,-4.31,-104.0,515.0
70.0,-4.31,-104.0,515.0
70.0,-4.31,-104.0,515.0
70.0,-4.31,-104.0,515.0
70.0,-4.31,-104.0,515.0
70.0,-4.31,-104.0,515.0
70.0,-4.31,-104.0,515.0
70.0,-4.31,-104.0,515.0
70.0,-4.31,-104.0,515.0
70.0,-4.31,-104.0,515.0
70.0,-4.31,-103.0,515.0
70.0,-4.31,-104.0,514.0
70.0,-4.31,-104.0,515.0
70.0,-4.31,-104.0,515.0
70.0,-4.31,-104.0,515.0
70.0,-4.31,-104.0,515.0
70.0,-4.31,-104.0,515.0
70.0,-4.31,-104.0,515.0
70.0,-4.31,-104.0,515.0
70.0,-4.31,-104.0,515.0
70.0,-4.31,-104.0,515.0
70.0,-4.31,-104.0,515.0
70.0,-4.31,-104.0,515.0
70.0,-4.31,-104.0,515.0
70.0,-4.31,-104.0,515.0
70.0,-4.31,-104.0,515.0
70.0,-4.31,-104.0,515.0
70.0,-4.31,-104.0,515.0
70.0,-4.31,-103.0,515.0
70.0,-4.31,-104.0,515.0
70.0,-4.31,-104.0,515.0
70.0,-4.31,-103.0,515.0
70.0,-4.31,-104.0,514.0
70.0,-4.31,-104.0,515.0
70.0,-4.31,-104.0,515.0
70.0,-4.31,-104.0,515.0
70.0,-4.31,-104.0,515.0
70.0,-4.31,-104.0,515.0
70.0,-4.31,-104.0,515.0
70.0,-4.31,-104.0,515.0
70.0,-4.31,-104.0,515.0
70.0,-4.31,-104.0,515.0
70.0,-4.31,-104.0,515.0
70.0,-4.31,-104.0,515.0
70.0,-4.31,-103.0,515.0
70.0,-4.31,-104.0,515.0
70.0,-4.31,-104.0,515.0
70.0,-4.31,-104.0,515.0
70.0,-4.31,-104.0,515.0
70.0,-4.31,-104.0,515.0
70.0,-4.31,-104.0,515.0
70.0,-4.31,-104.0,515.0
70.0,-4.31,-104.0,515.0
70.0,-4.31,-104.0,515.0
70.0,-4.31,-104.0,515.0
70.0,-4.31,-104.0,515.0
70.0,-4.31,-104.0,516.0
70.0,-4.31,-103.0,515.0
70.0,-4.31,-104.0,515.0
70.0,-4.31,-104.0,515.0
70.0,-4.31,-104.0,515.0
70.0,-4.31,-104.0,515.0
70.0,-4.31,-104.0,515.0
70.0,-4.31,-104.0,515.0
60.0,-16.62,-109.0,477.0
60.0,-16.62,-109.0,477.0
60.0,-16.62,-109.0,477.0
60.0,-16.62,-109.0,477.0
60.0,-16.62,-109.0,478.0
60.0,-16.62,-109.0,477.0
60.0,-16.62,-109.0,477.0
60.0,-16.62,-109.0,477.0
60.0,-16.62,-109.0,478.0
60.0,-16.62,-109.0,477.0
60.0,-16.62,-109.0,477.0
60.0,-16.62,-109.0,477.0
60.0,-16.62,-109.0,477.0
60.0,-16.62,-109.0,477.0
60.0,-16.62,-109.0,478.0
60.0,-16.62,-109.0,477.0
60.0,-16.62,-109.0,477.0
60.0,-16.62,-109.0,478.0
60.0,-16.62,-109.0,478.0
60.0,-16.62,-109.0,477.0
60.0,-16.62,-109.0,478.0
60.0,-16.62,-109.0,477.0
60.0,-16.62,-109.0,477.0
60.0,-16.62,-109.0,477.0
60.0,-16.62,-109.0,478.0
60.0,-16.62,-109.0,477.0
60.0,-16.62,-109.0,478.0
60.0,-16.62,-109.0,477.0
60.0,-16.62,-109.0,477.0
60.0,-16.62,-109.0,477.0
60.0,-16.62,-109.0,478.0
60.0,-16.62,-109.0,478.0
60.0,-16.62,-109.0,478.0
60.0,-16.62,-109.0,477.0
60.0,-16.62,-109.0,478.0
60.0,-16.62,-109.0,477.0
60.0,-16.62,-109.0,478.0
60.0,-16.62,-109.0,477.0
60.0,-16.62,-109.0,478.0
60.0,-16.62,-109.0,478.0
60.0,-16.62,-109.0,477.0
60.0,-16.62,-109.0,477.0
60.0,-16.62,-109.0,478.0
60.0,-16.62,-109.0,477.0
60.0,-16.62,-109.0,477.0
60.0,-16.62,-109.0,478.0
60.0,-16.62,-109.0,477.0
60.0,-16.62,-109.0,477.0
60.0,-16.62,-109.0,477.0
60.0,-16.62,-109.0,477.0
50.0,-31.0,-117.0,432.0
50.0,-31.0,-117.0,432.0
50.0,-31.0,-117.0,432.0
50.0,-31.0,-117.0,432.0
50.0,-31.0,-117.0,433.0
50.0,-31.0,-117.0,432.0
50.0,-31.0,-117.0,433.0
50.0,-31.0,-117.0,432.0
50.0,-31.0,-116.0,432.0
50.0,-31.0,-117.0,432.0
50.0,-31.0,-117.0,433.0
50.0,-31.0,-117.0,432.0
50.0,-31.0,-117.0,433.0
50.0,-31.0,-117.0,433.0
50.0,-31.0,-116.0,432.0
50.0,-31.0,-117.0,432.0
50.0,-31.0,-117.0,432.0
50.0,-31.0,-117.0,433.0
50.0,-31.0,-117.0,432.0
50.0,-31.0,-117.0,432.0
50.0,-31.0,-117.0,432.0
50.0,-31.0,-117.0,432.0
50.0,-31.0,-117.0,433.0
50.0,-31.0,-117.0,433.0
50.0,-31.0,-117.0,432.0
50.0,-31.0,-117.0,433.0
50.0,-31.0,-117.0,432.0
50.0,-31.0,-117.0,432.0
50.0,-31.0,-117.0,432.0
50.0,-31.0,-117.0,432.0
50.0,-31.0,-117.0,433.0
50.0,-31.0,-117.0,432.0
50.0,-31.0,-117.0,433.0
50.0,-31.0,-117.0,433.0
50.0,-31.0,-117.0,433.0
50.0,-31.0,-117.0,432.0
50.0,-31.0,-117.0,433.0
50.0,-31.0,-117.0,432.0
50.0,-31.0,-117.0,433.0
50.0,-31.0,-117.0,432.0
50.0,-31.0,-117.0,432.0
50.0,-31.0,-117.0,433.0
50.0,-31.0,-117.0,432.0
50.0,-31.0,-117.0,432.0
50.0,-31.0,-117.0,432.0
50.0,-31.0,-117.0,433.0
50.0,-31.0,-117.0,432.0
50.0,-31.0,-117.0,432.0
50.0,-31.0,-117.0,432.0
50.0,-31.0,-117.0,433.0
40.0,-45.63,-126.0,384.0
40.0,-45.63,-126.0,384.0
40.0,-45.63,-126.0,384.0
40.0,-45.63,-126.0,385.0
40.0,-45.63,-126.0,384.0
40.0,-45.63,-126.0,384.0
40.0,-45.63,-126.0,384.0
40.0,-45.63,-126.0,384.0
40.0,-45.63,-126.0,384.0
40.0,-45.63,-126.0,384.0
40.0,-45.63,-126.0,384.0
40.0,-45.63,-126.0,385.0
40.0,-45.63,-126.0,384.0
40.0,-45.63,-126.0,384.0
40.0,-45.63,-126.0,384.0
40.0,-45.63,-125.0,384.0
40.0,-45.63,-126.0,385.0
40.0,-45.63,-126.0,384.0
40.0,-45.63,-126.0,385.0
40.0,-45.63,-126.0,384.0
40.0,-45.63,-126.0,384.0
40.0,-45.63,-126.0,384.0
40.0,-45.63,-126.0,384.0
40.0,-45.63,-125.0,384.0
40.0,-45.63,-125.0,384.0
40.0,-45.63,-126.0,384.0
40.0,-45.63,-126.0,384.0
40.0,-45.63,-126.0,385.0
40.0,-45.63,-126.0,385.0
40.0,-45.63,-126.0,384.0
40.0,-45.63,-126.0,385.0
40.0,-45.63,-125.0,384.0
40.0,-45.63,-126.0,384.0
40.0,-45.63,-126.0,385.0
40.0,-45.63,-126.0,385.0
40.0,-45.63,-126.0,384.0
40.0,-45.63,-126.0,384.0
40.0,-45.63,-126.0,384.0
40.0,-45.63,-126.0,384.0
40.0,-45.63,-126.0,384.0
40.0,-45.63,-126.0,384.0
40.0,-45.63,-126.0,385.0
40.0,-45.63,-126.0,385.0
40.0,-45.63,-126.0,384.0
40.0,-45.63,-126.0,384.0
40.0,-45.63,-126.0,384.0
40.0,-45.63,-126.0,385.0
40.0,-45.63,-126.0,384.0
40.0,-45.63,-126.0,384.0
40.0,-45.63,-126.0,384.0
30.0,-60.56,-136.0,336.0
30.0,-60.56,-135.0,336.0
30.0,-60.56,-134.0,336.0
30.0,-60.56,-135.0,335.0
30.0,-60.56,-135.0,336.0
30.0,-60.56,-135.0,336.0
30.0,-60.56,-135.0,336.0
30.0,-60.56,-135.0,336.0
30.0,-60.56,-135.0,336.0
30.0,-60.56,-135.0,336.0
30.0,-60.56,-136.0,336.0
30.0,-60.56,-135.0,336.0
30.0,-60.56,-135.0,336.0
30.0,-60.56,-135.0,336.0
30.0,-60.56,-135.0,336.0
30.0,-60.56,-135.0,336.0
30.0,-60.56,-135.0,336.0
30.0,-60.56,-135.0,336.0
30.0,-60.56,-135.0,336.0
30.0,-60.56,-135.0,336.0
30.0,-60.56,-135.0,336.0
30.0,-60.56,-135.0,336.0
30.0,-60.56,-135.0,336.0
30.0,-60.56,-135.0,336.0
30.0,-60.56,-135.0,336.0
30.0,-60.56,-135.0,336.0
30.0,-60.56,-135.0,336.0
30.0,-60.56,-135.0,336.0
30.0,-60.56,-135.0,336.0
30.0,-60.56,-135.0,336.0
30.0,-60.56,-135.0,336.0
30.0,-60.56,-135.0,336.0
30.0,-60.56,-135.0,336.0
30.0,-60.56,-135.0,336.0
30.0,-60.56,-134.0,336.0
30.0,-60.56,-135.0,336.0
30.0,-60.56,-135.0,336.0
30.0,-60.56,-136.0,336.0
30.0,-60.56,-135.0,336.0
30.0,-60.56,-134.0,337.0
30.0,-60.56,-135.0,336.0
30.0,-60.56,-135.0,336.0
30.0,-60.56,-135.0,335.0
30.0,-60.56,-135.0,336.0
30.0,-60.56,-135.0,337.0
30.0,-60.56,-135.0,336.0
30.0,-60.56,-135.0,336.0
30.0,-60.56,-135.0,336.0
30.0,-60.56,-135.0,336.0
30.0,-60.56,-135.0,336.0
20.0,-73.87,-145.0,290.0
20.0,-73.81,-145.0,294.0
20.0,-72.62,-144.0,292.0
20.0,-73.56,-144.0,290.0
20.0,-73.75,-144.0,290.0
20.0,-73.69,-145.0,290.0
20.0,-73.69,-145.0,290.0
20.0,-73.62,-145.0,290.0
20.0,-73.56,-145.0,290.0
20.0,-73.56,-145.0,290.0
20.0,-73.5,-145.0,290.0
20.0,-73.5,-146.0,290.0
20.0,-73.5,-145.0,290.0
20.0,-73.5,-146.0,290.0
20.0,-73.5,-146.0,290.0
20.0,-73.5,-146.0,290.0
20.0,-73.5,-146.0,290.0
20.0,-73.5,-146.0,290.0
20.0,-73.5,-146.0,291.0
20.0,-73.5,-146.0,290.0
20.0,-73.5,-146.0,290.0
20.0,-73.5,-146.0,290.0
20.0,-73.5,-146.0,290.0
20.0,-73.5,-146.0,290.0
20.0,-73.5,-146.0,291.0
20.0,-73.5,-146.0,290.0
20.0,-73.5,-145.0,290.0
20.0,-73.5,-145.0,290.0
20.0,-73.5,-144.0,290.0
20.0,-73.5,-146.0,290.0
20.0,-73.5,-146.0,290.0
20.0,-73.5,-145.0,290.0
20.0,-73.5,-146.0,290.0
20.0,-73.5,-146.0,291.0
20.0,-73.5,-146.0,290.0
20.0,-73.5,-146.0,290.0
20.0,-73.5,-146.0,290.0
20.0,-73.5,-146.0,290.0
20.0,-73.5,-146.0,290.0
20.0,-73.5,-146.0,290.0
20.0,-73.5,-146.0,290.0
20.0,-73.5,-144.0,290.0
20.0,-73.5,-146.0,290.0
20.0,-73.5,-146.0,290.0
20.0,-73.5,-145.0,290.0
20.0,-73.5,-146.0,290.0
20.0,-73.5,-145.0,290.0
20.0,-73.5,-146.0,289.0
20.0,-73.5,-146.0,290.0
20.0,-73.5,-145.0,290.0
10.0,-86.5,-159.0,244.0
10.0,-86.44,-159.0,244.0
10.0,-86.44,-159.0,245.0
10.0,-86.37,-159.0,245.0
10.0,-86.37,-159.0,245.0
10.0,-86.37,-159.0,244.0
10.0,-86.37,-159.0,244.0
10.0,-86.37,-159.0,244.0
10.0,-86.37,-159.0,244.0
10.0,-86.37,-159.0,245.0
10.0,-86.37,-159.0,244.0
10.0,-86.37,-160.0,244.0
10.0,-86.37,-160.0,245.0
10.0,-86.37,-160.0,244.0
10.0,-86.37,-160.0,244.0
10.0,-86.37,-160.0,245.0
10.0,-86.37,-160.0,244.0
10.0,-86.37,-160.0,244.0
10.0,-86.37,-160.0,244.0
10.0,-86.37,-160.0,245.0
10.0,-86.37,-160.0,245.0
10.0,-86.37,-160.0,245.0
10.0,-86.37,-160.0,244.0
10.0,-86.37,-160.0,244.0
10.0,-86.37,-160.0,245.0
10.0,-86.37,-160.0,245.0
10.0,-86.37,-159.0,244.0
10.0,-86.37,-159.0,244.0
10.0,-86.37,-160.0,244.0
10.0,-86.37,-159.0,244.0
10.0,-86.37,-160.0,244.0
10.0,-86.37,-160.0,244.0
10.0,-86.37,-160.0,244.0
10.0,-86.37,-160.0,245.0
10.0,-86.37,-160.0,245.0
10.0,-86.37,-160.0,245.0
10.0,-86.37,-160.0,244.0
10.0,-86.37,-159.0,244.0
10.0,-86.37,-160.0,244.0
10.0,-86.37,-160.0,244.0
10.0,-86.37,-160.0,244.0
10.0,-86.37,-160.0,244.0
10.0,-86.37,-160.0,245.0
10.0,-86.37,-160.0,244.0
10.0,-86.37,-160.0,244.0
10.0,-86.37,-160.0,244.0
10.0,-86.37,-160.0,244.0
10.0,-86.37,-160.0,244.0
10.0,-86.37,-160.0,245.0
10.0,-86.37,-160.0,244.0
20.0,-74.19,-147.0,288.0
20.0,-74.12,-147.0,288.0
20.0,-74.12,-147.0,289.0
20.0,-74.06,-147.0,288.0
20.0,-74.06,-147.0,289.0
20.0,-74.06,-145.0,289.0
20.0,-74.06,-146.0,288.0
20.0,-74.06,-147.0,288.0
20.0,-74.06,-147.0,289.0
20.0,-74.06,-147.0,288.0
20.0,-74.0,-147.0,288.0
20.0,-74.0,-147.0,289.0
20.0,-74.0,-147.0,288.0
20.0,-74.0,-147.0,289.0
20.0,-74.0,-147.0,288.0
20.0,-74.0,-146.0,289.0
20.0,-74.0,-147.0,288.0
20.0,-74.0,-147.0,289.0
20.0,-74.0,-147.0,289.0
20.0,-74.0,-147.0,289.0
20.0,-74.0,-147.0,288.0
20.0,-74.0,-147.0,288.0
20.0,-74.0,-147.0,288.0
20.0,-74.0,-147.0,288.0
20.0,-74.0,-147.0,288.0
20.0,-74.0,-145.0,289.0
20.0,-74.0,-146.0,288.0
20.0,-74.0,-147.0,289.0
20.0,-74.0,-146.0,288.0
20.0,-74.0,-146.0,288.0
20.0,-74.0,-146.0,288.0
20.0,-74.0,-146.0,288.0
20.0,-74.0,-146.0,288.0
20.0,-74.0,-146.0,289.0
20.0,-74.0,-146.0,288.0
20.0,-74.0,-146.0,288.0
20.0,-74.0,-146.0,289.0
20.0,-74.0,-147.0,289.0
20.0,-74.0,-146.0,288.0
20.0,-74.0,-146.0,288.0
20.0,-74.0,-146.0,288.0
20.0,-74.0,-147.0,289.0
20.0,-74.0,-147.0,289.0
20.0,-74.0,-147.0,288.0
20.0,-74.0,-146.0,288.0
20.0,-74.0,-147.0,289.0
20.0,-74.0,-147.0,289.0
20.0,-74.0,-147.0,288.0
20.0,-74.0,-146.0,288.0
20.0,-74.0,-147.0,289.0
30.0,-60.13,-136.0,334.0
30.0,-60.13,-136.0,334.0
30.0,-60.13,-136.0,334.0
30.0,-60.13,-136.0,335.0
30.0,-60.13,-136.0,334.0
30.0,-60.13,-135.0,334.0
30.0,-60.13,-136.0,334.0
30.0,-60.13,-136.0,334.0
30.0,-60.13,-136.0,334.0
30.0,-60.13,-136.0,334.0
30.0,-60.13,-136.0,334.0
30.0,-60.13,-136.0,334.0
30.0,-60.13,-136.0,335.0
30.0,-60.13,-136.0,334.0
30.0,-60.13,-136.0,334.0
30.0,-60.13,-136.0,335.0
30.0,-60.13,-136.0,334.0
30.0,-60.13,-136.0,334.0
30.0,-60.13,-136.0,334.0
30.0,-60.13,-136.0,334.0
30.0,-60.13,-136.0,334.0
30.0,-60.13,-136.0,335.0
30.0,-60.13,-136.0,334.0
30.0,-60.13,-136.0,335.0
30.0,-60.13,-136.0,335.0
30.0,-60.13,-136.0,334.0
30.0,-60.13,-136.0,335.0
30.0,-60.13,-136.0,334.0
30.0,-60.13,-136.0,335.0
30.0,-60.13,-136.0,334.0
30.0,-60.13,-136.0,335.0
30.0,-60.13,-136.0,335.0
30.0,-60.13,-136.0,335.0
30.0,-60.13,-136.0,334.0
30.0,-60.13,-136.0,335.0
30.0,-60.13,-136.0,334.0
30.0,-60.13,-136.0,334.0
30.0,-60.13,-136.0,334.0
30.0,-60.13,-136.0,335.0
30.0,-60.13,-136.0,335.0
30.0,-60.13,-136.0,335.0
30.0,-60.13,-136.0,334.0
30.0,-60.13,-136.0,335.0
30.0,-60.13,-136.0,334.0
30.0,-60.13,-136.0,334.0
30.0,-60.13,-136.0,334.0
30.0,-60.13,-136.0,334.0
30.0,-60.13,-136.0,335.0
30.0,-60.13,-136.0,335.0
30.0,-60.13,-136.0,334.0
40.0,-46.0,-126.0,380.0
40.0,-46.0,-126.0,381.0
40.0,-46.0,-126.0,380.0
40.0,-46.0,-125.0,380.0
40.0,-46.0,-126.0,381.0
40.0,-46.0,-126.0,381.0
40.0,-46.0,-126.0,381.0
40.0,-46.0,-126.0,381.0
40.0,-46.0,-126.0,381.0
40.0,-46.0,-126.0,380.0
40.0,-46.0,-126.0,380.0
40.0,-46.0,-125.0,380.0
40.0,-46.0,-126.0,381.0
40.0,-46.0,-126.0,381.0
40.0,-46.0,-126.0,380.0
40.0,-46.0,-126.0,380.0
40.0,-46.0,-126.0,380.0
40.0,-46.0,-126.0,380.0
40.0,-46.0,-126.0,381.0
40.0,-46.0,-126.0,380.0
40.0,-46.0,-126.0,381.0
40.0,-46.0,-126.0,381.0
40.0,-46.0,-126.0,381.0
40.0,-46.0,-126.0,381.0
40.0,-46.0,-126.0,380.0
40.0,-46.0,-126.0,380.0
40.0,-46.0,-126.0,381.0
40.0,-46.0,-126.0,381.0
40.0,-46.0,-126.0,381.0
40.0,-46.0,-126.0,381.0
40.0,-46.0,-126.0,381.0
40.0,-46.0,-125.0,381.0
40.0,-46.0,-126.0,381.0
40.0,-46.0,-126.0,380.0
40.0,-46.0,-126.0,380.0
40.0,-46.0,-126.0,381.0
40.0,-46.0,-126.0,380.0
40.0,-46.0,-126.0,381.0
40.0,-46.0,-126.0,381.0
40.0,-46.0,-126.0,381.0
40.0,-46.0,-126.0,380.0
40.0,-46.0,-126.0,380.0
40.0,-46.0,-126.0,381.0
40.0,-46.0,-126.0,381.0
40.0,-46.0,-126.0,380.0
40.0,-46.0,-126.0,381.0
40.0,-46.0,-126.0,380.0
40.0,-46.0,-125.0,381.0
40.0,-46.0,-126.0,381.0
40.0,-46.0,-126.0,380.0
50.0,-31.62,-118.0,427.0
50.0,-31.62,-117.0,427.0
50.0,-31.62,-117.0,427.0
50.0,-31.62,-118.0,427.0
50.0,-31.62,-118.0,427.0
50.0,-31.62,-118.0,426.0
50.0,-31.62,-117.0,427.0
50.0,-31.62,-117.0,427.0
50.0,-31.62,-118.0,427.0
50.0,-31.62,-118.0,427.0
50.0,-31.62,-118.0,427.0
50.0,-31.62,-118.0,427.0
50.0,-31.62,-117.0,426.0
50.0,-31.62,-117.0,427.0
50.0,-31.62,-117.0,427.0
50.0,-31.62,-117.0,427.0
50.0,-31.62,-117.0,427.0
50.0,-31.62,-117.0,427.0
50.0,-31.62,-117.0,426.0
50.0,-31.62,-117.0,427.0
50.0,-31.62,-118.0,427.0
50.0,-31.62,-118.0,427.0
50.0,-31.62,-118.0,427.0
50.0,-31.62,-118.0,427.0
50.0,-31.62,-118.0,427.0
50.0,-31.62,-118.0,427.0
50.0,-31.62,-118.0,427.0
50.0,-31.62,-118.0,427.0
50.0,-31.62,-117.0,427.0
50.0,-31.62,-118.0,427.0
50.0,-31.62,-118.0,427.0
50.0,-31.62,-118.0,427.0
50.0,-31.62,-118.0,427.0
50.0,-31.62,-117.0,427.0
50.0,-31.62,-118.0,427.0
50.0,-31.62,-117.0,427.0
50.0,-31.62,-118.0,427.0
50.0,-31.62,-118.0,427.0
50.0,-31.62,-118.0,427.0
50.0,-31.62,-118.0,427.0
50.0,-31.62,-117.0,427.0
50.0,-31.62,-118.0,427.0
50.0,-31.62,-118.0,427.0
50.0,-31.62,-118.0,427.0
50.0,-31.62,-118.0,427.0
50.0,-31.62,-118.0,426.0
50.0,-31.62,-118.0,427.0
50.0,-31.62,-118.0,427.0
50.0,-31.62,-117.0,426.0
50.0,-31.62,-117.0,427.0
60.0,-17.25,-110.0,473.0
60.0,-17.31,-110.0,473.0
60.0,-17.37,-110.0,473.0
60.0,-17.44,-110.0,472.0
60.0,-17.44,-110.0,473.0
60.0,-17.5,-110.0,473.0
60.0,-17.5,-110.0,473.0
60.0,-17.5,-110.0,473.0
60.0,-17.5,-110.0,473.0
60.0,-17.5,-110.0,473.0
60.0,-17.5,-110.0,473.0
60.0,-17.5,-110.0,473.0
60.0,-17.5,-110.0,472.0
60.0,-17.5,-110.0,473.0
60.0,-17.5,-110.0,473.0
60.0,-17.5,-110.0,473.0
60.0,-17.5,-110.0,473.0
60.0,-17.5,-110.0,473.0
60.0,-17.5,-110.0,473.0
60.0,-17.5,-110.0,473.0
60.0,-17.5,-110.0,473.0
60.0,-17.5,-110.0,473.0
60.0,-17.5,-110.0,473.0
60.0,-17.5,-110.0,473.0
60.0,-17.5,-110.0,472.0
60.0,-17.5,-110.0,473.0
60.0,-17.5,-110.0,473.0
60.0,-17.5,-110.0,473.0
60.0,-17.5,-110.0,473.0
60.0,-17.5,-110.0,473.0
60.0,-17.5,-110.0,473.0
60.0,-17.5,-110.0,473.0
60.0,-17.5,-110.0,473.0
60.0,-17.5,-110.0,473.0
60.0,-17.5,-110.0,473.0
60.0,-17.5,-110.0,473.0
60.0,-17.5,-110.0,473.0
60.0,-17.5,-110.0,473.0
60.0,-17.5,-110.0,473.0
60.0,-17.5,-110.0,473.0
60.0,-17.5,-110.0,473.0
60.0,-17.5,-110.0,473.0
60.0,-17.5,-110.0,473.0
60.0,-17.5,-110.0,473.0
60.0,-17.5,-110.0,473.0
60.0,-17.5,-109.0,473.0
60.0,-17.5,-110.0,473.0
60.0,-17.5,-110.0,472.0
60.0,-17.5,-110.0,473.0
60.0,-17.5,-110.0,473.0
70.0,-4.25,-104.0,515.0
70.0,-4.25,-104.0,515.0
70.0,-4.25,-104.0,515.0
70.0,-4.25,-104.0,515.0
70.0,-4.25,-104.0,515.0
70.0,-4.25,-104.0,515.0
70.0,-4.25,-104.0,515.0
70.0,-4.25,-104.0,515.0
70.0,-4.25,-104.0,515.0
70.0,-4.25,-104.0,515.0
70.0,-4.25,-104.0,515.0
70.0,-4.25,-104.0,515.0
70.0,-4.25,-104.0,515.0
70.0,-4.25,-104.0,515.0
70.0,-4.25,-104.0,515.0
70.0,-4.25,-104.0,515.0
70.0,-4.25,-104.0,515.0
70.0,-4.25,-104.0,515.0
70.0,-4.25,-104.0,515.0
70.0,-4.25,-104.0,515.0
70.0,-4.25,-104.0,515.0
70.0,-4.25,-103.0,515.0
70.0,-4.25,-104.0,515.0
70.0,-4.25,-104.0,515.0
70.0,-4.25,-104.0,515.0
70.0,-4.25,-104.0,515.0
70.0,-4.25,-104.0,514.0
70.0,-4.25,-104.0,515.0
70.0,-4.25,-104.0,515.0
70.0,-4.25,-104.0,515.0
70.0,-4.25,-104.0,515.0
70.0,-4.25,-103.0,515.0
70.0,-4.25,-104.0,514.0
70.0,-4.25,-104.0,515.0
70.0,-4.25,-104.0,515.0
70.0,-4.25,-103.0,515.0
70.0,-4.25,-104.0,515.0
70.0,-4.25,-104.0,515.0
70.0,-4.25,-104.0,515.0
70.0,-4.25,-104.0,515.0
70.0,-4.25,-103.0,516.0
70.0,-4.13,-104.0,515.0
70.0,-4.19,-104.0,515.0
70.0,-4.19,-104.0,515.0
70.0,-4.19,-104.0,515.0
70.0,-4.25,-104.0,516.0
70.0,-4.25,-104.0,516.0
70.0,-4.25,-104.0,515.0
70.0,-4.25,-104.0,515.0
70.0,-4.25,-104.0,515.0
