scorer,DLC_Resnet50_SOR5_11_04Nov10shuffle1_snapshot_010,DLC_Resnet50_SOR5_11_04Nov10shuffle1_snapshot_010,DLC_Resnet50_SOR5_11_04Nov10shuffle1_snapshot_010,DLC_Resnet50_SOR5_11_04Nov10shuffle1_snapshot_010,DLC_Resnet50_SOR5_11_04Nov10shuffle1_snapshot_010,DLC_Resnet50_SOR5_11_04Nov10shuffle1_snapshot_010,DLC_Resnet50_SOR5_11_04Nov10shuffle1_snapshot_010,DLC_Resnet50_SOR5_11_04Nov10shuffle1_snapshot_010,DLC_Resnet50_SOR5_11_04Nov10shuffle1_snapshot_010,DLC_Resnet50_SOR5_11_04Nov10shuffle1_snapshot_010,DLC_Resnet50_SOR5_11_04Nov10shuffle1_snapshot_010,DLC_Resnet50_SOR5_11_04Nov10shuffle1_snapshot_010,DLC_Resnet50_SOR5_11_04Nov10shuffle1_snapshot_010,DLC_Resnet50_SOR5_11_04Nov10shuffle1_snapshot_010,DLC_Resnet50_SOR5_11_04Nov10shuffle1_snapshot_010
bodyparts,PIP,PIP,PIP,MCP,MCP,MCP,hand,hand,hand,radial-styloid-process,radial-styloid-process,radial-styloid-process,forearm,forearm,forearm
coords,x,y,likelihood,x,y,likelihood,x,y,likelihood,x,y,likelihood,x,y,likelihood
0,880.5689,693.17175,0.8335854,860.78564,549.56274,0.9253888,850.4532,389.06448,0.779162,830.88965,260.44342,0.7332297,797.39825,118.27311,0.922953
1,880.7659,693.6964,0.8255332,860.91003,549.75903,0.9285844,850.46136,388.73117,0.7927115,830.7932,260.98837,0.7224127,797.2139,118.54027,0.90395755
2,880.4295,693.3324,0.84372026,860.37067,549.55115,0.9204968,849.8887,388.84116,0.8062981,830.5235,260.39413,0.6967113,797.0948,118.41747,0.88863176
3,880.2693,693.74786,0.8184787,860.10486,549.74664,0.902961,850.60535,389.02414,0.78190464,830.6161,260.4362,0.73191327,796.8644,118.61899,0.8833063
4,880.1709,693.4465,0.81555206,859.8262,549.96875,0.9180755,849.67114,388.9929,0.78859794,830.2264,260.38184,0.7322157,796.0753,119.39438,0.8443769
5,879.89197,692.4384,0.67891616,859.3843,549.11127,0.9008568,849.0155,388.85876,0.81219417,829.83044,260.21423,0.71704847,796.05975,118.425964,0.8992246
6,879.68286,692.81195,0.67123675,859.3618,549.5536,0.93040603,849.0647,388.84894,0.7930284,830.1188,260.53876,0.71474046,796.0115,119.02403,0.9079531
7,880.3594,693.1411,0.62255174,859.86536,549.8833,0.9252923,849.6451,389.15894,0.7962508,830.1643,260.8383,0.7377702,795.9587,119.302765,0.8996328
8,879.8828,693.2102,0.675541,859.80896,549.575,0.92361355,849.7057,388.90347,0.8089547,830.2035,260.6946,0.70411605,796.02484,119.08669,0.9044379
9,878.2626,694.9868,0.80068576,859.83496,549.7004,0.93356836,849.74817,388.9424,0.8000222,830.22736,260.57834,0.7145799,796.0961,118.92633,0.90318805
10,877.206,694.6912,0.7200761,859.5955,549.61346,0.91828287,850.2198,388.57883,0.7952536,830.5011,260.3219,0.71278346,796.1397,118.92272,0.91778564
11,875.8454,694.58215,0.6840627,859.6385,549.5847,0.9028055,850.1217,388.61542,0.8119343,830.50525,260.20102,0.7204525,796.7742,118.581535,0.9056914
12,875.80414,694.676,0.707664,859.6964,549.5505,0.942497,850.0865,388.58212,0.8150306,830.38385,260.70966,0.72100127,796.8224,118.67516,0.9469138
13,875.88873,694.29175,0.73744726,859.7282,549.6176,0.9306221,850.0733,387.79587,0.78885305,830.4771,260.47015,0.7232856,796.87195,118.562004,0.94110245
14,876.1359,694.46375,0.7352262,859.72107,549.63947,0.9280532,849.8469,388.53085,0.8039203,830.11566,260.0511,0.71364367,796.4206,118.59346,0.9189557
15,876.22943,694.4715,0.7033891,859.7987,549.8607,0.938816,849.6456,388.31058,0.8037771,830.2538,260.23325,0.71873236,796.50055,118.55237,0.9253037
16,876.2727,694.4578,0.7308718,859.8754,549.64746,0.97145516,849.6082,388.46246,0.8002237,830.1631,260.13577,0.7084064,796.4904,118.460556,0.90201765
17,876.4489,694.42535,0.73196864,860.35486,549.64716,0.9375769,849.86896,388.5983,0.81069106,830.4782,260.24716,0.7044975,796.4234,118.45748,0.9155196
18,877.14014,695.02,0.7511335,860.51294,549.57996,0.9446824,850.19116,388.52658,0.8004667,830.5222,260.19016,0.72222203,796.4262,118.5168,0.92184895
19,877.2079,694.9933,0.7609836,860.6464,549.5488,0.95884645,850.39764,388.672,0.8191978,830.63464,260.20648,0.71366566,796.6969,118.35912,0.9390455
20,877.1275,695.0014,0.76582986,860.68365,549.58075,0.9503209,850.671,388.7872,0.80697304,830.49664,260.24353,0.7201403,796.82227,118.300316,0.9204974
21,877.4616,695.3089,0.7677428,860.5683,549.70636,0.93902874,850.40796,388.62048,0.8080166,830.46545,260.4748,0.7121594,796.83215,118.46584,0.9088424
22,877.80566,695.5491,0.744672,860.6448,549.6916,0.95800143,850.286,388.46793,0.80258626,830.64185,260.07306,0.71394217,796.7958,118.43916,0.90293986
23,878.01886,695.7235,0.703098,860.6529,549.7113,0.948471,850.36707,388.62222,0.80027074,830.7779,260.17734,0.70896417,796.81995,118.516815,0.9160044
24,879.1225,693.8384,0.65300363,860.75494,549.73926,0.9580286,850.4054,388.9267,0.7937198,830.6378,260.20108,0.7153738,796.72797,118.609344,0.948623
25,879.4408,693.71576,0.6127204,860.76385,549.61804,0.93634176,850.2029,388.70755,0.7997801,830.3953,260.29398,0.7261103,796.55554,118.59897,0.90662044
26,879.77527,693.89685,0.618036,860.7227,549.8713,0.94678795,850.24585,388.82678,0.80853295,830.3391,260.25082,0.7488358,796.3259,118.60964,0.91789216
27,879.77106,693.9959,0.6371225,860.7022,549.84064,0.9442,849.8876,388.9714,0.80869097,830.2652,260.23227,0.751428,796.1862,118.72848,0.9121211
28,879.9678,693.9367,0.6306796,860.6784,549.77344,0.9473442,849.8721,388.87704,0.81366414,830.0589,260.2091,0.7323261,796.266,118.55981,0.90394056
29,880.0451,693.91266,0.6015398,860.75543,549.9314,0.9726109,849.5243,389.43417,0.8079883,829.95685,260.38513,0.7084117,796.3527,118.47512,0.89754975
30,880.19104,693.7737,0.6090863,860.7809,549.864,0.9650013,849.755,389.35977,0.81614995,830.047,260.36118,0.7148987,796.24445,118.578674,0.89416873
31,880.1993,693.939,0.61094123,860.6746,550.0029,0.96113724,849.59607,389.46573,0.8110128,829.8898,260.50928,0.714069,796.02545,118.65258,0.8959583
32,880.3944,694.2165,0.64607054,860.68713,550.01086,0.9648335,849.53125,389.347,0.802571,829.6874,260.66196,0.73045796,795.7261,118.94563,0.8619628
33,880.368,694.20465,0.63827413,860.6966,550.0701,0.96761566,849.3666,389.70837,0.8122026,829.5574,260.67838,0.7212543,795.6588,118.87281,0.88654673
34,880.3382,694.13086,0.61946756,860.6965,550.10223,0.9710738,849.3256,389.67746,0.8102973,829.52747,260.70282,0.71182287,795.61176,118.908676,0.88701314
35,880.3391,694.1944,0.6147984,860.6659,549.99286,0.96897274,849.3998,389.88855,0.82026756,829.3793,260.9583,0.72008604,795.635,118.956215,0.87218696
36,880.4328,694.0161,0.58990043,860.6232,550.1462,0.9330782,849.27936,389.6989,0.8191464,829.2797,261.09143,0.73951334,795.71295,119.12366,0.88920534
37,880.38184,694.1147,0.61729586,860.7006,550.1732,0.9454469,849.2722,389.89236,0.8301175,829.32495,261.07153,0.7363302,795.6226,119.188774,0.8721072
38,880.46265,694.1998,0.6229802,860.7323,550.1318,0.9551984,849.2246,389.98224,0.81109655,829.21735,261.10028,0.7326329,795.582,119.14749,0.86660004
39,880.3858,694.2658,0.6394477,860.74225,550.13324,0.94508135,849.3268,390.1033,0.8201168,829.28735,261.12497,0.7426718,795.46277,119.11026,0.8633089
40,880.4322,694.52484,0.64419055,860.68506,550.0704,0.9459038,849.21136,389.6487,0.8221495,829.3005,261.20993,0.76629186,795.4223,119.08438,0.8765777
41,880.5449,694.45996,0.63982487,860.6713,550.1811,0.9426966,849.2718,389.72885,0.8221169,829.2304,261.23904,0.75842446,795.37445,119.389244,0.87204546
42,880.6865,694.73096,0.6861528,860.7639,550.5505,0.9630733,849.30646,389.86923,0.8218922,829.25354,261.20804,0.7634282,795.349,119.456825,0.873769
43,880.7334,694.824,0.69890374,860.7986,550.3147,0.9503232,849.23206,389.8329,0.82509315,829.2284,261.2303,0.7651812,795.20605,119.44731,0.8782979
44,880.7486,694.8794,0.69174045,860.76935,550.3524,0.9427611,849.3414,389.8596,0.83624184,829.25446,261.2897,0.7525106,795.24255,119.4792,0.86736906
45,880.6618,694.98645,0.7419561,860.7885,550.3424,0.9374396,849.41394,389.91183,0.8356403,829.27893,261.16742,0.7704765,795.2362,119.35617,0.87255585
46,880.66815,694.9094,0.73404413,860.8209,550.2964,0.9411025,849.35974,389.83173,0.8339458,829.2949,261.28732,0.7680581,795.08264,119.41716,0.8666078
47,880.7479,694.904,0.7297971,860.75165,550.33655,0.931097,849.33167,389.82358,0.8377088,829.1138,261.4623,0.7657648,795.13873,119.34407,0.8680667
48,880.6484,694.7283,0.73061895,860.646,550.38837,0.95293665,849.3614,389.80814,0.83105886,829.214,261.31406,0.7590571,795.10144,119.472084,0.8754939
49,880.70386,694.83673,0.74173063,860.78345,550.28516,0.9553137,849.38727,389.8581,0.8411935,829.2035,261.28226,0.7560803,795.0871,119.469406,0.8633517
50,880.507,694.7688,0.7415059,860.8161,550.32227,0.95376617,849.43524,389.97495,0.8362053,829.21277,261.30756,0.7563898,795.03577,119.45613,0.8548026
51,880.58496,694.77594,0.73754174,860.73615,550.20465,0.9541178,849.41516,389.96024,0.8303855,829.2028,261.2924,0.75613743,795.1116,119.36315,0.8494099
52,880.94696,694.5036,0.71930355,860.65924,550.13776,0.9551536,849.99896,389.8549,0.83145344,829.18317,261.37994,0.7647005,795.1004,119.37469,0.88193196
53,880.6264,694.703,0.73862475,860.76807,550.16437,0.9574508,849.48193,389.965,0.8313861,829.23883,261.4331,0.77204114,795.0198,119.57687,0.8764129
54,880.74115,694.74976,0.73132604,860.69666,550.23395,0.9575675,849.51984,390.00134,0.8340721,829.22894,261.36786,0.7741753,795.11707,119.454704,0.86479247
55,880.6804,694.6962,0.72660893,860.7729,550.30835,0.94403,849.6879,390.16843,0.8277936,829.1249,261.37433,0.762194,795.068,119.531784,0.85148036
56,880.6399,694.755,0.71952903,860.6471,550.45013,0.9448629,849.5323,390.01328,0.8304835,829.02527,261.51566,0.75986546,794.9597,119.71398,0.8621056
57,880.5577,694.7203,0.72071904,860.6986,550.1007,0.94216675,849.64636,389.97867,0.8346394,829.00226,261.55264,0.75789094,795.0308,119.775375,0.8652426
58,880.5277,694.77814,0.7338041,860.7096,550.2539,0.9418619,849.7015,390.02698,0.83279294,829.05914,261.53516,0.75573635,795.1043,119.72809,0.8571255
59,880.52655,694.7717,0.7378963,860.7008,550.1827,0.9455465,849.728,390.02106,0.829223,829.00037,261.56525,0.7536993,795.17645,119.81793,0.84757394
60,880.4521,694.65546,0.72932464,860.60846,550.1497,0.96185917,849.5018,390.07538,0.8171586,829.10754,261.4649,0.764517,795.0754,119.73968,0.8996517
61,880.5657,694.7814,0.7243163,860.6081,550.13403,0.9653328,849.73663,389.95865,0.81965184,829.1115,261.37036,0.7618871,795.03375,119.746216,0.88118804
62,880.58026,694.78394,0.72511625,860.62396,550.1181,0.9674231,849.7076,390.03085,0.8251934,829.06836,261.3052,0.759344,795.0165,119.70154,0.8597535
63,880.54333,694.7292,0.72537637,860.73517,550.0986,0.9691781,849.75745,389.99036,0.82386017,829.0847,261.3152,0.75597125,794.9973,119.67825,0.86081034
64,880.56635,694.8294,0.7250238,860.61475,550.14557,0.9708288,849.5504,390.08228,0.81902516,829.10315,261.41293,0.7674589,794.92334,119.63558,0.8848296
65,880.55237,694.9395,0.7224157,860.75305,550.1554,0.978092,849.34863,390.2519,0.8245193,829.07544,261.41003,0.76691353,794.9484,119.5984,0.8880089
66,896.10126,694.4786,0.76826584,861.50977,549.83246,0.96116024,848.9855,390.5482,0.7997765,828.1384,261.77072,0.7582812,794.03,119.590485,0.86998737
67,962.1436,653.1214,0.8081071,866.5938,551.4789,0.8150022,845.78217,396.2195,0.8580096,826.0089,264.13675,0.7014184,791.09863,122.78237,0.905692
68,976.4127,632.92914,0.819277,867.88995,550.66534,0.7372448,843.9682,397.803,0.85761315,825.2998,264.05356,0.6699871,790.51874,122.65279,0.91846067
69,977.67175,626.41614,0.76846004,867.24036,551.0022,0.78557146,843.762,397.94113,0.83777374,825.36346,264.2807,0.67179924,790.5021,122.466896,0.91797477
70,973.79584,637.89685,0.8957074,866.4456,551.6857,0.81575257,844.12695,398.1631,0.79720926,825.6217,263.7504,0.6976252,790.53235,122.84775,0.90859103
71,933.74365,681.9552,0.7412724,864.2128,552.43384,0.7988488,847.39294,394.45386,0.84251344,828.2484,262.46014,0.7664023,794.2675,120.75214,0.841679
72,885.7165,692.5599,0.6859208,861.26917,549.69354,0.9263378,850.90314,389.6604,0.8087419,831.5046,260.70422,0.77594525,797.8552,117.94684,0.91902417
73,865.6648,690.41064,0.4894748,859.77594,547.0588,0.8457607,852.7579,386.1585,0.7899676,835.3773,258.35352,0.7794812,801.7795,116.63758,0.8733074
74,860.2896,689.9804,0.4935358,859.54803,546.4211,0.8219024,854.405,385.99615,0.7687901,837.29065,258.34286,0.7977428,803.0764,117.0031,0.92373675
75,872.40936,690.0352,0.5564643,860.7695,547.1432,0.89034414,852.56226,387.61398,0.8043097,834.16724,260.07895,0.7838366,800.483,117.79504,0.8459027
76,929.078,684.92786,0.70520085,866.41736,551.0252,0.7971923,850.4869,391.82758,0.7887416,830.5696,262.46796,0.7234986,795.72754,120.39414,0.8582115
77,968.9861,650.1494,0.7254846,870.0887,550.65686,0.8938494,847.7766,395.4728,0.86092156,828.7213,263.0372,0.7456357,794.6015,121.008644,0.85274637
78,980.8133,633.8165,0.48305237,871.0368,550.3852,0.86996496,846.281,397.96426,0.79265535,826.38104,264.00705,0.68262076,792.0166,122.06623,0.888383
79,983.09784,632.09094,0.54657507,870.909,550.9509,0.8591163,844.5507,399.01932,0.71994567,825.6678,264.44055,0.6601214,791.2054,122.24321,0.9098383
80,970.0279,656.33356,0.8052575,868.3484,553.30554,0.93272966,844.8911,398.34238,0.7758284,826.39404,263.60605,0.70607007,792.3067,121.86506,0.86630905
81,911.563,691.09814,0.7349886,865.25854,553.0193,0.7822511,848.6957,392.80737,0.8492544,829.1166,261.58258,0.7413389,794.9385,119.98732,0.84392506
82,876.9663,693.9382,0.67406684,861.9955,548.44806,0.91505253,851.94415,388.26315,0.84168845,833.18134,259.6105,0.76028264,799.18005,117.5754,0.92661005
83,863.5509,689.2884,0.5296613,859.94763,546.44745,0.84125674,852.1522,385.84598,0.78144246,834.2437,258.26215,0.715539,800.2201,116.4569,0.8519355
84,861.027,690.481,0.61795145,860.13025,546.39825,0.8170629,851.58777,386.0573,0.78341097,834.22186,258.07593,0.72949696,799.213,116.35423,0.9085239
85,887.74786,692.3297,0.77421784,862.25006,548.3526,0.83569,847.54095,390.36334,0.8185523,828.2004,260.40143,0.67990136,794.94293,117.93631,0.8262445
86,955.8962,671.2091,0.85505503,868.8659,553.93646,0.9730056,842.6399,397.59872,0.8451621,821.51666,264.13654,0.7601729,787.15485,121.42113,0.8088861
87,984.7995,638.4734,0.7617085,872.534,552.6615,0.9604128,840.71545,400.8821,0.8305173,820.32336,265.81506,0.70903176,786.04376,121.82851,0.77622736
88,990.49817,631.11566,0.8280035,872.50476,552.40845,0.9433397,838.86444,401.73492,0.8806444,818.8868,266.33722,0.70641404,784.7538,121.89134,0.7803682
89,987.8047,634.8371,0.872063,871.404,553.00433,0.9169979,839.06616,401.7179,0.8768049,819.2905,266.09027,0.7016886,785.52893,121.867035,0.7829948
90,953.3727,672.08167,0.7937347,868.8186,554.1969,1.0,842.5772,397.9027,0.8575282,821.31555,264.81796,0.72700816,787.09906,121.37816,0.81887305
91,892.3688,689.3905,0.6112883,862.4049,547.86914,0.8002446,844.8192,391.81287,0.8084589,823.9885,261.99457,0.77673274,789.8362,119.06247,0.9146561
92,871.0623,688.03827,0.63710594,859.6431,545.961,0.8351112,847.86804,387.22314,0.8232199,828.8769,258.8933,0.69775563,795.0991,116.58018,0.8729704
93,861.3266,690.78973,0.67000276,859.20123,545.97266,0.80700916,850.4209,386.0023,0.7599611,831.7496,257.85956,0.68449837,797.6281,116.37047,0.932468
94,863.04895,691.7825,0.72757554,860.7293,546.9621,0.87662053,850.89874,386.29874,0.76922023,832.2626,258.37576,0.72270805,798.0836,116.34407,0.90609795
95,887.79126,692.9567,0.773877,864.1333,550.1205,0.7231947,848.4005,389.65927,0.8253062,828.47003,260.69974,0.70300734,794.1871,118.3658,0.8391025
96,953.6064,676.5768,0.80833507,868.5162,555.9049,0.92898786,843.71484,398.41397,0.7891117,822.7526,266.24234,0.66317415,787.5876,123.21163,0.7653232
97,982.2682,640.3717,0.7602897,871.0047,555.08154,0.89646536,843.29596,401.65854,0.7972175,821.70844,267.28384,0.6310201,786.93933,123.721405,0.71086365
98,1049.4741,667.8905,0.6485589,871.0385,555.46924,0.89351106,842.5686,402.5522,0.82612383,821.63916,267.80035,0.6238227,786.85016,124.173805,0.7095179
99,973.9395,653.7363,0.7932701,869.046,557.1239,0.8707877,843.3938,402.4333,0.83414036,824.1121,266.64166,0.5958114,788.78674,123.3674,0.8068413
100,923.68286,690.9685,0.7623812,866.7111,556.1504,0.90635794,846.53534,396.05057,0.8346543,825.4362,264.65778,0.66984874,790.0595,121.94436,0.9036363
101,884.16296,693.4208,0.80761075,863.36993,550.628,0.80862737,850.4472,390.2978,0.80352587,830.1248,260.64035,0.701255,795.7893,118.94146,0.8871653
102,866.84607,689.22595,0.73307216,860.8365,547.1919,0.83545554,851.79047,387.09995,0.79833627,833.1331,258.45804,0.72381604,799.3518,116.69785,0.859953
103,864.3649,692.85486,0.7757318,861.07776,547.30695,0.8658072,851.968,386.76715,0.79888105,833.4929,258.49176,0.71355504,799.5989,116.44471,0.85892767
104,880.1732,695.6401,0.78546005,863.8215,549.50195,0.7568996,850.45953,389.13614,0.80833226,830.05927,260.01645,0.69131094,796.70605,117.925995,0.89508754
105,945.3987,681.9528,0.70770204,868.5379,555.5689,0.9837963,844.5381,397.478,0.7895635,823.71466,265.01196,0.69643736,789.0506,122.19642,0.8861578
106,983.12976,640.98706,0.8048501,873.24225,555.9472,0.9043616,843.4446,402.4947,0.8422825,823.1639,267.02475,0.60216045,788.13513,123.78285,0.83411586
107,990.76953,628.09686,0.8773244,874.07837,555.0783,0.9778423,842.542,402.93982,0.83964044,821.8042,267.5857,0.6231955,787.1078,123.55679,0.7213421
108,986.60693,640.4127,0.8786344,873.03894,556.0797,0.8672432,843.3427,402.73068,0.8564801,823.1418,267.26447,0.58785355,788.0865,123.54086,0.85586864
109,947.05884,676.86786,0.8252355,868.7871,556.4667,0.92115253,846.01373,398.58923,0.7781712,825.55554,264.53555,0.6594654,790.6107,122.46827,0.88022304
110,895.02075,693.8638,0.71068186,864.8222,552.6708,0.74304855,849.8254,392.5294,0.7492659,828.6665,261.9398,0.74227846,794.5678,120.258354,0.8643659
111,875.4965,693.62885,0.8553759,862.54443,548.5215,0.80378914,851.6646,388.51352,0.82878643,832.3819,260.19214,0.7335747,798.3273,117.78874,0.90090764
112,870.05676,690.72656,0.7835129,862.7207,548.03644,0.80245864,853.0644,387.5612,0.8179001,834.47015,260.13788,0.7382548,800.29114,118.04387,0.8448862
113,886.41736,693.8364,0.8121117,865.58185,551.4175,0.697699,852.4092,390.2938,0.8348142,832.90375,261.69788,0.7483702,799.0273,118.582306,0.8644737
114,949.4626,674.98,0.7657631,869.6681,555.4373,0.97380936,848.07697,397.36435,0.808885,827.4421,265.25027,0.67040426,792.93555,123.477844,0.75760067
115,988.4086,631.3522,0.7964782,873.5603,555.294,0.93133706,847.08887,401.62582,0.7898935,826.4109,267.15475,0.51936764,791.7556,124.682816,0.83854395
116,989.4504,626.516,0.7013376,873.5637,555.37665,0.96256274,846.7719,402.2965,0.8070384,826.6807,267.4129,0.5033635,791.74963,124.6712,0.8344257
117,978.9743,649.156,0.849217,871.19855,556.4953,0.89600646,847.7726,401.6505,0.7658942,827.57275,265.76755,0.613389,793.41095,123.62119,0.76951534
118,924.367,690.5584,0.7604728,868.2237,556.12036,0.9026546,850.4516,395.90512,0.8419044,828.1161,264.4714,0.67424566,793.4662,122.71767,0.77184904
119,890.37946,696.3241,0.7657241,865.75934,551.4095,0.65507555,852.9171,391.0585,0.8121435,833.6864,261.88174,0.7896842,799.28503,119.39651,0.87034416
120,874.5442,692.29205,0.7631972,863.33844,548.474,0.7360863,853.71136,388.03738,0.79006755,834.96466,259.99362,0.7533758,801.3955,117.71551,0.87923336
121,874.11566,692.2365,0.7801995,863.98065,548.6595,0.7334567,853.9624,388.01044,0.7793337,835.45404,259.7672,0.7339114,801.79224,117.144516,0.88316315
122,908.0868,694.3631,0.79439044,867.48096,553.6577,0.8323973,851.14307,392.799,0.7792467,831.4612,262.685,0.7186816,797.3448,119.55756,0.9289831
123,968.2176,659.5381,0.76204056,871.41766,555.70306,0.9240899,847.6106,399.41467,0.7880381,826.4356,265.81253,0.6174048,792.1901,123.84743,0.8344492
124,989.5679,632.76654,0.81759596,874.7058,556.2147,0.88330907,845.7269,402.79388,0.8113902,825.8726,267.4174,0.48879775,790.87646,124.26141,0.85151875
125,938.12225,571.7164,0.46955204,875.7826,555.5458,0.9482158,844.5126,404.1036,0.888156,824.9563,267.74124,0.5112258,789.29114,124.51898,0.82823277
126,988.31116,635.9867,0.904276,874.2272,556.0867,0.882006,845.6782,402.71664,0.8331726,826.1728,266.7118,0.54191315,791.3741,124.14331,0.84924024
127,947.28174,682.0055,0.7587228,869.8439,556.65173,0.9281196,848.36505,397.97888,0.814924,827.4225,265.08694,0.6534094,793.1107,122.74248,0.775893
128,899.5731,693.0242,0.81876296,866.57227,553.2,0.78674674,851.2044,392.38828,0.80445117,831.06506,263.2246,0.7017966,796.2585,120.94848,0.9201698
129,878.1129,693.55817,0.87257993,863.892,549.2125,0.7648175,852.8094,388.91943,0.81761575,834.04626,260.2725,0.78705895,800.8736,117.174706,0.84548926
130,870.7008,690.25946,0.7604118,863.02905,548.1081,0.7928422,854.27216,387.1417,0.8227005,836.62305,259.4482,0.7675998,802.7012,117.23954,0.88093317
131,877.4177,693.3716,0.84153473,865.1757,549.8901,0.73364955,854.067,388.17892,0.81685215,836.4642,260.24612,0.78687954,802.6653,117.8346,0.8869326
132,933.6101,686.5507,0.7684576,869.3576,555.17566,0.9520682,851.54877,394.85782,0.81926614,830.55237,264.02313,0.6959451,796.1853,122.08186,0.8558846
133,980.7235,644.8233,0.7396197,874.0049,555.2736,0.99387056,848.556,400.52478,0.7814115,828.9966,266.43387,0.61790466,794.0004,124.302086,0.8283316
134,994.1069,621.70703,0.6404155,877.4195,554.16876,0.9790184,848.06464,401.72122,0.79835904,828.9394,266.93713,0.595599,794.0656,124.21537,0.82682645
135,989.4928,639.9385,0.7793365,875.9845,554.7077,0.9971414,848.34735,401.32816,0.800253,830.01825,266.23267,0.6222634,795.51825,123.49207,0.7855963
136,955.7724,675.3707,0.830559,870.94293,556.09125,0.9390149,851.8718,398.4074,0.8674148,832.42236,265.79556,0.675237,797.0139,122.833084,0.7967927
137,912.8562,691.24286,0.8038872,867.9684,554.3158,0.87285274,854.0295,392.24893,0.7759403,835.21716,263.6332,0.8147698,800.87445,121.11579,0.8138635
138,885.7183,692.955,0.8326266,865.5288,550.55,0.7566334,856.5311,388.0447,0.83294725,839.7728,260.61545,0.7987606,804.63727,118.919365,0.9114226
139,877.1502,694.2815,0.8364124,864.7933,549.413,0.75601053,858.08966,387.74298,0.7941832,842.474,260.87537,0.7087728,806.5436,118.83848,0.8708464
140,896.469,694.15094,0.76100135,866.78986,551.84705,0.7703349,855.60754,390.09866,0.84005165,838.46246,261.97583,0.8430713,803.4644,120.03765,0.8731075
141,949.9977,677.27563,0.8151222,869.85254,555.0058,1.0,852.16797,396.87573,0.8506152,833.37537,265.69696,0.7030444,797.9718,122.64051,0.7407921
142,988.95746,636.4349,0.97884053,875.2183,555.9231,0.9037906,848.95355,402.54172,0.77849597,830.40717,266.75208,0.62489736,795.664,124.47379,0.85693175
143,937.5878,569.8814,0.3712114,877.0321,554.314,0.9762617,847.8112,402.65158,0.8104333,829.53613,266.42786,0.6223488,794.91254,123.79299,0.80149806
144,996.5549,619.4628,0.46770236,875.88934,553.5813,0.95671785,847.9459,402.06445,0.8162931,829.68915,266.19766,0.64260507,794.9369,123.51128,0.82804763
145,987.0873,641.31274,0.84497917,873.84875,555.20197,0.9319268,849.24634,401.40372,0.77645415,831.90424,266.26675,0.6707254,796.9453,122.327774,0.80569106
146,945.37354,681.3213,0.7884922,869.7418,554.82806,0.9756682,853.01984,395.79074,0.82516253,833.94965,264.17822,0.77193457,799.5267,120.97045,0.86755574
147,896.98016,692.6223,0.8585247,866.0034,551.069,0.7057554,853.831,390.64435,0.8293353,835.87506,261.9604,0.8273006,801.2435,119.326675,0.8303328
148,878.94446,693.596,0.85000306,863.63226,548.3453,0.73563355,855.7275,387.9421,0.81212395,838.35626,259.68918,0.7922347,804.4706,118.129425,0.93812126
149,876.77527,693.2818,0.6739139,864.1795,548.3726,0.719478,856.2835,387.71182,0.8161257,838.2633,259.60916,0.78701407,804.8482,118.04913,0.9441782
150,905.76886,693.91797,0.7805141,867.69037,552.345,0.7851668,854.1283,390.9228,0.79870474,835.2044,261.81564,0.8408633,801.96326,118.61391,0.85703766
151,965.6768,667.4965,0.77787066,872.51715,554.92957,0.91658306,851.1677,399.16385,0.7856044,830.635,265.55884,0.63718486,795.6189,122.95744,0.83545756
152,992.482,629.8886,0.63606256,876.98016,555.5019,0.92586005,849.7937,401.74777,0.77001816,830.1677,266.59415,0.6082928,795.3221,123.82988,0.8748792
153,938.1903,570.5968,0.44431746,877.89355,555.0646,0.9791246,847.3218,402.21237,0.80637926,828.0779,267.03943,0.5630505,793.76215,123.97567,0.8241919
154,992.02783,633.2535,0.6707008,876.41766,556.09644,0.93104756,847.483,402.45425,0.82201797,828.48615,266.51566,0.6089523,793.8516,123.74624,0.7998212
155,969.5019,662.332,0.79474455,873.7032,556.6842,0.8971327,851.1602,400.43958,0.793116,830.29156,265.37143,0.6478083,795.98627,122.7425,0.8068187
156,915.2309,691.30115,0.9127471,868.1763,552.85815,0.86047304,853.3257,393.85852,0.79258424,833.3388,263.45016,0.7622291,799.05865,120.98271,0.8952141
157,888.1608,691.08594,0.7548146,866.34753,549.8343,0.71955925,855.94476,389.0827,0.8255004,838.1171,260.747,0.8157475,803.2282,118.615875,0.8913466
158,876.9147,691.139,0.7324671,865.5105,547.83167,0.6844348,857.5915,387.82242,0.8120082,840.5526,259.9191,0.74840176,805.5952,118.01536,0.9415187
159,877.8321,691.92316,0.7907359,865.9063,549.1391,0.7243107,857.54944,387.75967,0.81603086,839.936,260.01056,0.7659293,805.6123,118.343994,0.933738
160,902.27716,693.09296,0.85622364,868.4478,552.4557,0.8698824,855.2771,391.11423,0.78966415,835.90704,262.0423,0.832573,801.31024,119.14997,0.8299072
161,966.7577,671.24786,0.68285257,873.79144,556.73395,0.91264063,850.1064,400.04483,0.7921171,829.5658,265.83508,0.64274997,794.3472,123.351395,0.78477323
162,991.23315,634.5002,0.8279933,878.4176,555.99396,0.8626699,848.8663,403.5252,0.82400787,829.02875,267.49985,0.5771899,793.5146,124.78057,0.8663383
163,999.30914,613.0121,0.47354385,879.71326,553.7602,0.82412666,847.6221,403.3292,0.8313592,828.3834,268.04257,0.5435312,792.70215,125.55094,0.9136842
164,1000.71124,612.4064,0.44559914,879.53516,553.52484,0.81372094,847.8254,403.50333,0.8412805,828.28046,268.20157,0.5289914,792.709,125.24321,0.8897711
165,986.82794,643.2571,0.8085224,875.9908,556.2559,0.9189286,850.52814,402.0157,0.78567165,830.39465,266.73245,0.60223746,794.6141,124.20284,0.82866657
166,940.21,684.8848,0.79620755,870.5912,556.3019,0.92498064,853.01776,397.24445,0.85661703,832.5337,265.8512,0.688187,796.2908,123.424255,0.8365277
167,903.16437,692.6217,0.7645693,868.0603,552.42834,0.77239895,856.28107,392.71265,0.7077207,836.4126,262.7907,0.83451337,801.5743,120.47531,0.83441806
168,885.8952,691.92084,0.8098346,867.5943,550.4128,0.7722274,857.4264,389.47684,0.74336845,839.0541,261.14923,0.79139817,803.47656,119.21021,0.89580005
169,882.56836,692.0611,0.8556557,867.9131,550.18256,0.7919649,858.63995,389.77737,0.78048414,840.8969,261.29,0.7393441,804.87085,119.32567,0.93142533
170,903.4811,694.2197,0.79800457,869.96277,552.04266,0.8504421,857.0555,391.70242,0.6996694,838.1879,263.09686,0.81370413,802.6983,120.81331,0.8171915
171,964.19666,671.0723,0.76490325,874.59735,556.9132,0.8608638,851.9006,400.5848,0.802894,831.6847,267.14966,0.59377295,795.8277,124.70409,0.826986
172,989.74646,636.37524,0.95604855,878.7196,557.03235,0.7784348,850.82184,403.0759,0.8283803,830.3081,268.38254,0.5832821,794.6597,125.4769,0.9006564
173,1000.39636,619.4545,0.6199471,880.894,555.5611,0.7988982,850.5569,403.18878,0.81346166,830.1996,268.67337,0.5547059,794.15796,125.52402,0.89948344
174,997.3044,626.18134,0.62573665,879.92773,556.3996,0.72313404,850.7283,403.1524,0.8269425,830.72437,268.3423,0.57258147,794.8242,125.47196,0.89233565
175,974.7852,664.5742,0.83627516,876.5007,558.4389,0.8947305,851.95435,401.80615,0.82152736,832.31866,267.36777,0.6301753,796.10297,124.12164,0.79244035
176,922.5191,693.83124,0.8040726,871.0001,555.6844,0.90904665,855.31415,396.46432,0.78357875,835.0537,265.86362,0.7325256,799.4727,122.55233,0.787915
177,891.5554,693.91034,0.7997772,869.10455,551.3471,0.7909842,858.7609,390.7389,0.8213636,840.3604,261.55515,0.74814314,804.92737,118.993286,0.90864915
178,878.50146,692.3526,0.9042984,867.99756,549.5527,0.81189996,859.91956,388.61984,0.8746877,843.0067,259.9711,0.68162423,807.05115,118.00213,0.87837905
179,878.3457,693.15314,0.9111405,869.03796,550.03375,0.8260734,861.05316,388.43817,0.8574354,844.5767,260.38925,0.69659877,808.5429,118.719376,0.8623787
180,900.12524,696.9067,0.8748913,870.8599,553.0702,0.9430083,859.059,392.62717,0.73856616,841.2071,263.11783,0.7242291,805.16266,120.53612,0.90366036
181,959.8293,677.796,0.7672148,876.48096,558.02094,0.8948983,853.7519,400.63815,0.85105807,834.2944,268.4815,0.6730936,797.738,124.84797,0.8083893
182,990.2493,643.3023,0.9050109,880.43414,558.4658,0.82041836,851.8734,403.72366,0.8664761,831.5675,269.74655,0.65675384,795.63116,125.66158,0.85479534
183,999.13367,625.7976,0.4754245,881.99536,557.4766,0.8214132,850.72296,405.25778,0.89043075,830.5369,269.84055,0.62369937,794.5133,125.83213,0.84771323
184,992.4942,639.858,0.7547504,880.5718,557.94293,0.7601991,851.5628,404.08572,0.86973697,830.442,269.09473,0.5708615,795.09436,125.062065,0.8319167
185,950.4036,683.7641,0.7705714,875.66327,558.30896,0.89925945,852.9774,400.9065,0.83318305,832.60333,267.79117,0.6220736,797.28033,123.82726,0.7413264
186,907.9488,693.6127,0.8848261,870.4796,553.6502,0.9612387,856.21765,395.89505,0.78036857,837.0377,265.06073,0.7579311,802.0821,121.50447,0.76006925
187,889.97076,693.1293,0.71165097,869.45447,550.8099,0.8271604,858.5629,390.40878,0.8083171,841.4782,261.3919,0.72979486,806.12415,118.8136,0.8762176
188,882.02576,692.6662,0.8568634,868.7306,550.5368,0.8191942,859.4184,389.59915,0.8599184,842.56537,260.60065,0.7013036,807.08,117.99376,0.84626204
189,886.3567,693.4682,0.76895803,869.42487,551.2333,0.8550536,858.8029,390.116,0.800231,841.55383,261.49457,0.709844,805.93335,118.60663,0.86900336
190,934.2433,688.98285,0.81679076,873.6588,555.7962,0.9167681,854.8744,397.09692,0.84304553,834.98206,264.635,0.7489746,799.94366,121.51291,0.7832365
191,983.3229,652.21423,0.80305666,878.5239,558.1068,0.8955246,851.2583,402.6582,0.8206586,830.33685,267.70822,0.5866237,794.4871,124.75492,0.83351326
192,994.9628,627.80365,0.6714534,880.55927,556.5439,0.7929219,849.5787,404.1765,0.84446424,828.6497,268.35495,0.4980313,793.2055,125.018814,0.839427
193,941.9085,572.2769,0.51237017,880.0546,556.4642,0.75696355,847.0755,404.9829,0.8555951,826.3578,269.25687,0.5046935,789.9255,125.6181,0.8205932
194,991.88196,632.82666,0.75787365,877.8609,557.6293,0.8570057,847.6137,404.14395,0.8357554,826.782,268.46613,0.4679631,790.55865,124.99017,0.83165
195,966.2049,668.04736,0.8093253,873.8422,558.81946,0.8091249,850.3708,402.07358,0.78048563,829.7768,266.34308,0.6302846,794.2472,123.63415,0.77478707
196,930.446,687.86444,0.79488695,870.5428,555.7561,0.93223304,854.8829,395.57922,0.8037478,835.09576,264.0641,0.79913944,800.8737,121.381966,0.81088376
197,896.4921,693.3559,0.80455524,869.273,553.0428,0.9282593,856.5168,390.41104,0.77062976,837.09607,260.16428,0.7864529,802.6523,117.73549,0.87038594
