Theoretical Angle (deg),IMU Angle (deg),ADC Value,Rotary Encoder
100.0,100.0,100.0,100.0
70.0,-1.25,-57996.0,522.0
70.0,-1.25,-57275.0,522.0
70.0,-1.25,-56216.0,522.0
70.0,-1.25,-55953.0,522.0
70.0,-1.25,-55276.0,522.0
70.0,-1.25,-56309.0,522.0
70.0,-1.25,-56704.0,523.0
70.0,-1.25,-55877.0,523.0
70.0,-1.25,-56814.0,522.0
70.0,-1.25,-57015.0,522.0
70.0,-1.25,-56370.0,522.0
70.0,-1.25,-55905.0,522.0
70.0,-1.25,-56316.0,522.0
70.0,-1.25,-56755.0,522.0
70.0,-1.25,-55484.0,522.0
70.0,-1.25,-55241.0,523.0
70.0,-1.25,-55150.0,522.0
70.0,-1.25,-54483.0,522.0
70.0,-1.25,-55476.0,523.0
70.0,-1.25,-55961.0,522.0
70.0,-1.25,-56202.0,522.0
70.0,-1.25,-55675.0,522.0
70.0,-1.25,-55834.0,523.0
70.0,-1.25,-55903.0,522.0
70.0,-1.25,-56382.0,522.0
70.0,-1.25,-55933.0,522.0
70.0,-1.25,-56130.0,523.0
70.0,-1.25,-56391.0,521.0
70.0,-1.25,-56458.0,522.0
70.0,-1.25,-56405.0,522.0
70.0,-1.25,-56664.0,522.0
70.0,-1.25,-55983.0,523.0
70.0,-1.25,-56016.0,521.0
70.0,-1.25,-56707.0,522.0
70.0,-1.25,-57352.0,522.0
70.0,-1.25,-57783.0,522.0
70.0,-1.25,-57860.0,522.0
70.0,-1.25,-57499.0,522.0
70.0,-1.25,-57768.0,522.0
70.0,-1.25,-58489.0,523.0
70.0,-1.25,-58408.0,522.0
70.0,-1.25,-57645.0,522.0
70.0,-1.25,-58014.0,522.0
70.0,-1.25,-58091.0,522.0
70.0,-1.25,-58298.0,522.0
70.0,-1.25,-57593.0,522.0
70.0,-1.25,-57424.0,522.0
70.0,-1.25,-57067.0,522.0
70.0,-1.25,-57196.0,523.0
70.0,-1.25,-57721.0,522.0
70.0,-1.25,-57632.0,522.0
70.0,-1.25,-56923.0,522.0
70.0,-1.25,-57138.0,522.0
70.0,-1.25,-57921.0,522.0
70.0,-1.25,-58888.0,523.0
70.0,-1.25,-59499.0,522.0
70.0,-1.25,-59542.0,522.0
70.0,-1.25,-58767.0,522.0
70.0,-1.25,-56870.0,522.0
70.0,-1.25,-56507.0,522.0
70.0,-1.25,-56584.0,522.0
70.0,-1.25,-56123.0,522.0
70.0,-1.25,-55160.0,522.0
70.0,-1.25,-54783.0,522.0
70.0,-1.25,-55144.0,522.0
70.0,-1.25,-55177.0,522.0
70.0,-1.25,-55618.0,522.0
70.0,-1.25,-57257.0,522.0
70.0,-1.25,-57046.0,522.0
70.0,-1.25,-56931.0,522.0
70.0,-1.25,-56356.0,522.0
70.0,-1.25,-54471.0,522.0
70.0,-1.25,-54304.0,522.0
70.0,-1.25,-54589.0,523.0
70.0,-1.25,-54686.0,523.0
70.0,-1.25,-54981.0,522.0
70.0,-1.25,-54564.0,522.0
70.0,-1.25,-53735.0,522.0
70.0,-1.25,-52984.0,523.0
70.0,-1.25,-52751.0,522.0
70.0,-1.25,-52198.0,522.0
70.0,-1.25,-51551.0,522.0
70.0,-1.25,-51390.0,522.0
70.0,-1.25,-51445.0,522.0
70.0,-1.25,-52370.0,522.0
70.0,-1.25,-52389.0,522.0
70.0,-1.25,-52440.0,522.0
70.0,-1.25,-52289.0,522.0
70.0,-1.25,-52880.0,522.0
70.0,-1.25,-52857.0,522.0
70.0,-1.25,-52378.0,522.0
70.0,-1.25,-52807.0,522.0
70.0,-1.25,-53280.0,522.0
70.0,-1.25,-53009.0,522.0
70.0,-1.25,-52702.0,522.0
70.0,-1.25,-52501.0,522.0
70.0,-1.25,-53466.0,522.0
70.0,-1.25,-53629.0,522.0
70.0,-1.25,-53226.0,522.0
70.0,-1.25,-53159.0,522.0
70.0,-1.25,-53128.0,522.0
70.0,-1.25,-52755.0,522.0
70.0,-1.25,-55184.0,523.0
70.0,-1.25,-53851.0,522.0
70.0,-1.25,-53862.0,522.0
70.0,-1.25,-53595.0,522.0
70.0,-1.25,-51548.0,522.0
70.0,-1.25,-50357.0,522.0
70.0,-1.25,-51064.0,522.0
70.0,-1.25,-50935.0,523.0
70.0,-1.25,-51124.0,522.0
70.0,-1.25,-50709.0,522.0
70.0,-1.25,-50092.0,522.0
70.0,-1.25,-50501.0,522.0
70.0,-1.25,-50108.0,522.0
70.0,-1.25,-49547.0,522.0
70.0,-1.25,-50554.0,522.0
70.0,-1.25,-50691.0,522.0
70.0,-1.25,-50882.0,522.0
70.0,-1.25,-49793.0,522.0
70.0,-1.25,-50660.0,522.0
70.0,-1.25,-51113.0,522.0
70.0,-1.25,-51482.0,522.0
70.0,-1.25,-51987.0,522.0
70.0,-1.25,-52210.0,523.0
70.0,-1.25,-51525.0,522.0
70.0,-1.25,-51866.0,522.0
70.0,-1.25,-50311.0,522.0
70.0,-1.25,-50708.0,522.0
70.0,-1.25,-50987.0,522.0
70.0,-1.25,-51066.0,522.0
70.0,-1.25,-51389.0,522.0
70.0,-1.25,-51602.0,522.0
70.0,-1.25,-52691.0,522.0
70.0,-1.25,-52286.0,522.0
70.0,-1.25,-49687.0,522.0
70.0,-1.25,-50066.0,522.0
70.0,-1.25,-50271.0,522.0
70.0,-1.25,-50678.0,522.0
70.0,-1.25,-51423.0,522.0
70.0,-1.25,-51624.0,522.0
70.0,-1.25,-51369.0,522.0
70.0,-1.25,-52012.0,522.0
70.0,-1.25,-52035.0,522.0
70.0,-1.25,-51684.0,522.0
70.0,-1.25,-52525.0,523.0
70.0,-1.25,-53328.0,522.0
70.0,-1.25,-53499.0,522.0
70.0,-1.25,-53732.0,522.0
30.0,-58.31,-539325.0,337.0
30.0,-58.25,-540630.0,337.0
30.0,-58.13,-541399.0,337.0
30.0,-58.06,-541408.0,337.0
30.0,-58.0,-542817.0,338.0
30.0,-57.94,-543502.0,337.0
30.0,-57.94,-542571.0,337.0
30.0,-57.88,-542142.0,336.0
30.0,-57.88,-540525.0,337.0
30.0,-57.88,-540562.0,338.0
30.0,-57.88,-538979.0,337.0
30.0,-57.88,-537044.0,337.0
30.0,-57.88,-533845.0,337.0
30.0,-57.88,-531492.0,337.0
30.0,-57.88,-527559.0,337.0
30.0,-57.88,-522378.0,337.0
30.0,-57.88,-519647.0,337.0
30.0,-57.88,-515000.0,337.0
30.0,-57.88,-513055.0,337.0
30.0,-57.88,-512364.0,338.0
30.0,-57.88,-512333.0,336.0
30.0,-57.88,-510928.0,337.0
30.0,-57.88,-510981.0,337.0
30.0,-57.88,-510472.0,336.0
30.0,-57.88,-509577.0,337.0
30.0,-57.88,-507818.0,337.0
30.0,-57.88,-506847.0,337.0
30.0,-57.88,-507638.0,337.0
30.0,-57.88,-507983.0,336.0
30.0,-57.88,-508810.0,336.0
30.0,-57.88,-507773.0,337.0
30.0,-57.88,-508120.0,337.0
30.0,-57.88,-508537.0,337.0
30.0,-57.88,-508398.0,337.0
30.0,-57.88,-507737.0,338.0
30.0,-57.88,-506990.0,338.0
30.0,-57.88,-505253.0,337.0
30.0,-57.88,-504734.0,337.0
30.0,-57.88,-505753.0,337.0
30.0,-57.88,-505734.0,338.0
30.0,-57.88,-503651.0,337.0
30.0,-57.88,-503252.0,337.0
30.0,-57.88,-503613.0,337.0
30.0,-57.88,-501958.0,337.0
30.0,-57.88,-501231.0,337.0
30.0,-57.88,-500110.0,338.0
30.0,-57.88,-499779.0,338.0
30.0,-57.88,-498624.0,337.0
30.0,-57.88,-497645.0,337.0
30.0,-57.88,-498132.0,336.0
20.0,-71.56,-664445.0,291.0
20.0,-71.56,-666714.0,291.0
20.0,-71.56,-667131.0,291.0
20.0,-71.56,-668582.0,291.0
20.0,-71.56,-668721.0,291.0
20.0,-71.56,-669092.0,291.0
20.0,-71.56,-668235.0,292.0
20.0,-71.56,-668160.0,291.0
20.0,-71.56,-667785.0,291.0
20.0,-71.56,-667768.0,291.0
20.0,-71.56,-666081.0,291.0
20.0,-71.56,-666346.0,291.0
20.0,-71.56,-666339.0,291.0
20.0,-71.56,-666754.0,291.0
20.0,-71.56,-667549.0,291.0
20.0,-71.56,-667498.0,291.0
20.0,-71.56,-666243.0,291.0
20.0,-71.56,-665826.0,291.0
20.0,-71.56,-664057.0,291.0
20.0,-71.56,-663450.0,292.0
20.0,-71.56,-664735.0,292.0
20.0,-71.56,-664226.0,291.0
20.0,-71.56,-662955.0,291.0
20.0,-71.56,-662894.0,291.0
20.0,-71.56,-662675.0,291.0
20.0,-71.56,-662392.0,291.0
20.0,-71.56,-662605.0,291.0
20.0,-71.56,-662366.0,291.0
20.0,-71.56,-661539.0,291.0
20.0,-71.56,-660936.0,291.0
20.0,-71.56,-661449.0,291.0
20.0,-71.56,-663028.0,291.0
20.0,-71.56,-663291.0,291.0
20.0,-71.56,-662876.0,291.0
20.0,-71.56,-662795.0,290.0
20.0,-71.56,-663462.0,290.0
20.0,-71.56,-663377.0,291.0
20.0,-71.56,-663094.0,292.0
20.0,-71.56,-662781.0,291.0
20.0,-71.56,-662864.0,291.0
20.0,-71.56,-663749.0,291.0
20.0,-71.56,-663334.0,291.0
20.0,-71.56,-662197.0,291.0
20.0,-71.56,-662430.0,290.0
20.0,-71.56,-662751.0,290.0
20.0,-71.56,-662738.0,291.0
20.0,-71.56,-662745.0,291.0
20.0,-71.56,-662526.0,291.0
20.0,-71.56,-663031.0,291.0
20.0,-71.56,-662644.0,291.0
10.0,-84.19,-904707.0,245.0
10.0,-84.19,-909910.0,245.0
10.0,-84.12,-910639.0,245.0
10.0,-84.12,-912574.0,246.0
10.0,-84.12,-913779.0,245.0
10.0,-84.12,-913204.0,246.0
10.0,-84.12,-913231.0,245.0
10.0,-84.12,-913684.0,244.0
10.0,-84.12,-914431.0,246.0
10.0,-84.12,-913410.0,245.0
10.0,-84.12,-911751.0,244.0
10.0,-84.12,-912236.0,245.0
10.0,-84.12,-913159.0,245.0
10.0,-84.12,-914008.0,244.0
10.0,-84.12,-914069.0,245.0
10.0,-84.12,-913554.0,245.0
10.0,-84.12,-913457.0,245.0
10.0,-84.12,-913352.0,245.0
10.0,-84.12,-912419.0,245.0
10.0,-84.12,-912798.0,246.0
10.0,-84.12,-915847.0,245.0
10.0,-84.12,-917322.0,244.0
10.0,-84.12,-919815.0,245.0
10.0,-84.12,-920738.0,246.0
10.0,-84.12,-921911.0,244.0
10.0,-84.12,-922266.0,244.0
10.0,-84.12,-922567.0,245.0
10.0,-84.12,-922468.0,245.0
10.0,-84.12,-921635.0,244.0
10.0,-84.12,-921074.0,244.0
10.0,-84.12,-920847.0,244.0
10.0,-84.12,-922468.0,245.0
10.0,-84.12,-922903.0,245.0
10.0,-84.12,-922496.0,244.0
10.0,-84.12,-921593.0,245.0
10.0,-84.12,-919800.0,245.0
10.0,-84.12,-919471.0,245.0
10.0,-84.12,-919510.0,245.0
10.0,-84.12,-919909.0,244.0
10.0,-84.12,-920310.0,245.0
10.0,-84.12,-919667.0,245.0
10.0,-84.12,-919470.0,245.0
10.0,-84.12,-919671.0,245.0
10.0,-84.12,-920182.0,245.0
10.0,-84.12,-919211.0,244.0
10.0,-84.12,-918336.0,245.0
10.0,-84.12,-918383.0,245.0
10.0,-84.12,-918340.0,245.0
10.0,-84.12,-918301.0,246.0
10.0,-84.12,-917226.0,244.0
20.0,-72.12,-672601.0,289.0
20.0,-72.06,-672380.0,289.0
20.0,-72.0,-671667.0,288.0
20.0,-72.0,-672104.0,289.0
20.0,-71.94,-672067.0,289.0
20.0,-71.94,-671112.0,288.0
20.0,-71.94,-670515.0,288.0
20.0,-71.94,-671058.0,288.0
20.0,-71.94,-671791.0,289.0
20.0,-71.94,-672226.0,289.0
20.0,-71.94,-671717.0,290.0
20.0,-71.75,-672008.0,289.0
20.0,-71.75,-670745.0,289.0
20.0,-71.69,-669430.0,290.0
20.0,-71.69,-669535.0,289.0
20.0,-71.69,-670402.0,290.0
20.0,-71.62,-670339.0,289.0
20.0,-71.62,-670024.0,290.0
20.0,-71.62,-670639.0,289.0
20.0,-71.62,-670982.0,289.0
20.0,-71.62,-670765.0,289.0
20.0,-71.62,-671062.0,289.0
20.0,-71.62,-670357.0,289.0
20.0,-71.62,-669872.0,289.0
20.0,-71.62,-669243.0,289.0
20.0,-71.62,-670022.0,289.0
20.0,-71.62,-671321.0,289.0
20.0,-71.62,-671364.0,290.0
20.0,-71.62,-672409.0,289.0
20.0,-71.62,-672330.0,289.0
20.0,-71.62,-673399.0,289.0
20.0,-71.62,-673062.0,289.0
20.0,-71.62,-672803.0,289.0
20.0,-71.62,-672726.0,290.0
20.0,-71.62,-673173.0,290.0
20.0,-71.62,-673546.0,290.0
20.0,-71.62,-673897.0,289.0
20.0,-71.62,-672948.0,289.0
20.0,-71.62,-673345.0,289.0
20.0,-71.62,-674456.0,289.0
20.0,-71.62,-674621.0,289.0
20.0,-71.62,-672156.0,290.0
20.0,-71.62,-672813.0,289.0
20.0,-71.62,-673914.0,289.0
20.0,-71.62,-673821.0,290.0
20.0,-71.62,-673804.0,289.0
20.0,-71.62,-673881.0,289.0
20.0,-71.62,-674132.0,289.0
20.0,-71.62,-673965.0,290.0
20.0,-71.62,-672626.0,290.0
30.0,-58.06,-511121.0,335.0
30.0,-58.06,-508098.0,335.0
30.0,-58.06,-508223.0,335.0
30.0,-58.06,-507936.0,335.0
30.0,-58.06,-509135.0,335.0
30.0,-58.06,-508524.0,336.0
30.0,-58.06,-509391.0,334.0
30.0,-58.06,-509406.0,334.0
30.0,-58.06,-507557.0,335.0
30.0,-58.06,-506572.0,335.0
30.0,-57.88,-506943.0,335.0
30.0,-57.88,-506324.0,336.0
30.0,-57.88,-505635.0,335.0
30.0,-57.88,-506232.0,335.0
30.0,-57.88,-506713.0,335.0
30.0,-57.88,-505634.0,336.0
30.0,-57.88,-505809.0,335.0
30.0,-57.88,-505060.0,334.0
30.0,-57.88,-505295.0,335.0
30.0,-57.88,-504696.0,335.0
30.0,-57.88,-504653.0,335.0
30.0,-57.88,-505356.0,336.0
30.0,-57.88,-505571.0,335.0
30.0,-57.88,-505222.0,335.0
30.0,-57.88,-504775.0,336.0
30.0,-57.88,-505768.0,335.0
30.0,-57.88,-505131.0,335.0
30.0,-57.88,-505156.0,335.0
30.0,-57.88,-504859.0,335.0
30.0,-57.88,-503874.0,335.0
30.0,-57.88,-503993.0,335.0
30.0,-57.88,-503924.0,335.0
30.0,-57.88,-503667.0,335.0
30.0,-57.88,-503998.0,335.0
30.0,-57.88,-504059.0,336.0
30.0,-57.88,-504894.0,335.0
30.0,-57.88,-505569.0,335.0
30.0,-57.88,-505342.0,335.0
30.0,-57.88,-505807.0,335.0
30.0,-57.88,-505186.0,335.0
30.0,-57.88,-504465.0,335.0
30.0,-57.88,-503898.0,335.0
30.0,-57.88,-504643.0,335.0
30.0,-57.88,-503836.0,335.0
30.0,-57.88,-503555.0,335.0
30.0,-57.88,-502718.0,336.0
30.0,-57.88,-502941.0,335.0
30.0,-57.88,-502828.0,334.0
30.0,-57.88,-502635.0,334.0
30.0,-57.88,-502312.0,336.0
40.0,-43.69,-373853.0,381.0
40.0,-43.69,-374156.0,381.0
40.0,-43.69,-374831.0,382.0
40.0,-43.69,-374644.0,382.0
40.0,-43.69,-374177.0,382.0
40.0,-43.69,-375694.0,381.0
40.0,-43.69,-375695.0,382.0
40.0,-43.69,-376310.0,382.0
40.0,-43.69,-376701.0,382.0
40.0,-43.69,-375282.0,382.0
40.0,-43.69,-374701.0,381.0
40.0,-43.69,-374786.0,382.0
40.0,-43.69,-374793.0,382.0
40.0,-43.69,-374686.0,381.0
40.0,-43.69,-375589.0,381.0
40.0,-43.69,-375018.0,382.0
40.0,-43.69,-373913.0,382.0
40.0,-43.69,-373650.0,382.0
40.0,-43.69,-375011.0,382.0
40.0,-43.69,-375130.0,381.0
40.0,-43.69,-374583.0,382.0
40.0,-43.69,-374718.0,383.0
40.0,-43.69,-375845.0,382.0
40.0,-43.69,-375820.0,382.0
40.0,-43.69,-376285.0,382.0
40.0,-43.69,-376112.0,382.0
40.0,-43.69,-376177.0,383.0
40.0,-43.69,-376668.0,383.0
40.0,-43.69,-376691.0,382.0
40.0,-43.69,-374770.0,382.0
40.0,-43.69,-374941.0,382.0
40.0,-43.69,-374718.0,382.0
40.0,-43.69,-374305.0,381.0
40.0,-43.69,-374056.0,382.0
40.0,-43.69,-374747.0,382.0
40.0,-43.69,-374976.0,382.0
40.0,-43.69,-374283.0,382.0
40.0,-43.69,-374394.0,382.0
40.0,-43.69,-374963.0,381.0
40.0,-43.69,-374320.0,382.0
40.0,-43.69,-373663.0,382.0
40.0,-43.69,-374166.0,382.0
40.0,-43.69,-374305.0,383.0
40.0,-43.69,-374802.0,382.0
40.0,-43.69,-375205.0,382.0
40.0,-43.69,-375404.0,381.0
40.0,-43.69,-374929.0,382.0
40.0,-43.69,-374524.0,382.0
40.0,-43.69,-376027.0,382.0
40.0,-43.69,-376636.0,382.0
50.0,-29.75,-250461.0,428.0
50.0,-29.75,-249680.0,429.0
50.0,-29.75,-248869.0,428.0
50.0,-29.75,-248270.0,429.0
50.0,-29.75,-247983.0,428.0
50.0,-29.75,-248544.0,428.0
50.0,-29.75,-248773.0,429.0
50.0,-29.75,-248946.0,428.0
50.0,-29.75,-248635.0,428.0
50.0,-29.75,-248238.0,428.0
50.0,-29.75,-247879.0,428.0
50.0,-29.75,-247830.0,428.0
50.0,-29.75,-248493.0,429.0
50.0,-29.75,-247850.0,428.0
50.0,-29.75,-247881.0,429.0
50.0,-29.75,-248508.0,428.0
50.0,-29.75,-248251.0,428.0
50.0,-29.75,-248056.0,428.0
50.0,-29.75,-247751.0,428.0
50.0,-29.75,-247756.0,428.0
50.0,-29.75,-247749.0,429.0
50.0,-29.75,-247660.0,428.0
50.0,-29.75,-247391.0,428.0
50.0,-29.75,-246700.0,429.0
50.0,-29.75,-246715.0,428.0
50.0,-29.75,-247394.0,428.0
50.0,-29.75,-248075.0,428.0
50.0,-29.75,-247896.0,429.0
50.0,-29.75,-248625.0,429.0
50.0,-29.75,-248820.0,428.0
50.0,-29.75,-247851.0,428.0
50.0,-29.75,-247814.0,429.0
50.0,-29.75,-248231.0,428.0
50.0,-29.75,-249050.0,428.0
50.0,-29.75,-249481.0,429.0
50.0,-29.75,-249808.0,428.0
50.0,-29.75,-249049.0,428.0
50.0,-29.75,-248472.0,429.0
50.0,-29.75,-248823.0,429.0
50.0,-29.75,-249136.0,429.0
50.0,-29.75,-249851.0,429.0
50.0,-29.75,-248438.0,428.0
50.0,-29.75,-248595.0,428.0
50.0,-29.75,-249436.0,428.0
50.0,-29.75,-249865.0,428.0
50.0,-29.75,-250498.0,429.0
50.0,-29.75,-250059.0,428.0
50.0,-29.75,-249802.0,428.0
50.0,-29.75,-250011.0,428.0
50.0,-29.69,-249924.0,428.0
60.0,-15.25,-123545.0,474.0
60.0,-15.25,-123732.0,474.0
60.0,-15.25,-123645.0,474.0
60.0,-15.25,-124002.0,474.0
60.0,-15.25,-126401.0,474.0
60.0,-15.25,-126836.0,474.0
60.0,-15.25,-126967.0,474.0
60.0,-15.25,-126806.0,474.0
60.0,-15.25,-126479.0,474.0
60.0,-15.25,-127262.0,474.0
60.0,-15.25,-127217.0,474.0
60.0,-15.25,-127566.0,475.0
60.0,-15.25,-128501.0,474.0
60.0,-15.25,-128126.0,474.0
60.0,-15.25,-127871.0,474.0
60.0,-15.25,-127676.0,474.0
60.0,-15.25,-127667.0,475.0
60.0,-15.25,-128242.0,473.0
60.0,-15.25,-128163.0,474.0
60.0,-15.25,-127962.0,474.0
60.0,-15.25,-127369.0,474.0
60.0,-15.25,-126996.0,474.0
60.0,-15.25,-127715.0,474.0
60.0,-15.25,-128568.0,474.0
60.0,-15.25,-128369.0,474.0
60.0,-15.25,-128126.0,474.0
60.0,-15.25,-127815.0,474.0
60.0,-15.25,-126968.0,474.0
60.0,-15.25,-126865.0,474.0
60.0,-15.25,-127926.0,474.0
60.0,-15.25,-128015.0,474.0
60.0,-15.25,-127506.0,474.0
60.0,-15.25,-126305.0,473.0
60.0,-15.25,-125870.0,474.0
60.0,-15.25,-127601.0,474.0
60.0,-15.25,-128226.0,473.0
60.0,-15.25,-128137.0,474.0
60.0,-15.25,-128432.0,475.0
60.0,-15.25,-129249.0,474.0
60.0,-15.25,-127966.0,475.0
60.0,-15.25,-127939.0,474.0
60.0,-15.25,-127730.0,474.0
60.0,-15.25,-127443.0,474.0
60.0,-15.25,-127940.0,474.0
60.0,-15.25,-127711.0,474.0
60.0,-15.25,-128480.0,474.0
60.0,-15.25,-128369.0,474.0
60.0,-15.25,-130074.0,474.0
60.0,-15.25,-130721.0,474.0
60.0,-15.25,-129578.0,473.0
70.0,-2.13,-30301.0,516.0
70.0,-2.25,-30504.0,516.0
70.0,-2.25,-29949.0,516.0
70.0,-2.31,-30104.0,516.0
70.0,-2.38,-30539.0,516.0
70.0,-2.38,-30638.0,516.0
70.0,-2.44,-28977.0,516.0
70.0,-2.44,-28970.0,516.0
70.0,-2.44,-28907.0,515.0
70.0,-2.44,-29392.0,516.0
70.0,-2.44,-29567.0,516.0
70.0,-2.44,-29996.0,516.0
70.0,-2.44,-29549.0,516.0
70.0,-2.44,-29652.0,516.0
70.0,-2.44,-30069.0,516.0
70.0,-2.44,-29378.0,516.0
70.0,-2.44,-30111.0,515.0
70.0,-2.44,-31730.0,516.0
70.0,-2.44,-31479.0,517.0
70.0,-2.44,-33750.0,516.0
70.0,-2.44,-34159.0,516.0
70.0,-2.44,-32908.0,516.0
70.0,-2.44,-32943.0,517.0
70.0,-2.44,-33842.0,516.0
70.0,-2.44,-33503.0,517.0
70.0,-2.44,-32860.0,516.0
70.0,-2.44,-32925.0,516.0
70.0,-2.44,-32878.0,516.0
70.0,-2.44,-33321.0,516.0
70.0,-2.44,-33198.0,516.0
70.0,-2.44,-34155.0,516.0
70.0,-2.44,-33078.0,516.0
70.0,-2.44,-33607.0,516.0
70.0,-2.44,-34020.0,516.0
70.0,-2.44,-34049.0,516.0
70.0,-2.44,-33700.0,516.0
70.0,-2.44,-32571.0,516.0
70.0,-2.44,-32368.0,516.0
70.0,-2.44,-33269.0,516.0
70.0,-2.44,-33648.0,516.0
70.0,-2.44,-34067.0,516.0
70.0,-2.44,-33118.0,516.0
70.0,-2.44,-33825.0,516.0
70.0,-2.44,-34702.0,516.0
70.0,-2.44,-34935.0,516.0
70.0,-2.44,-34920.0,516.0
70.0,-2.44,-34209.0,516.0
70.0,-2.44,-35474.0,516.0
70.0,-2.44,-36093.0,516.0
70.0,-2.44,-36852.0,516.0
70.0,-2.44,-36857.0,516.0
70.0,-2.44,-34828.0,516.0
70.0,-2.44,-34403.0,516.0
70.0,-2.44,-33888.0,516.0
70.0,-2.44,-33757.0,516.0
70.0,-2.44,-33908.0,516.0
70.0,-2.44,-34133.0,517.0
70.0,-2.44,-33162.0,516.0
70.0,-2.44,-33153.0,516.0
70.0,-2.44,-33618.0,516.0
70.0,-2.44,-33057.0,516.0
70.0,-2.44,-33764.0,516.0
70.0,-2.44,-33629.0,516.0
70.0,-2.44,-33782.0,516.0
70.0,-2.44,-32737.0,516.0
70.0,-2.44,-32560.0,516.0
70.0,-2.44,-32121.0,516.0
70.0,-2.44,-32260.0,516.0
70.0,-2.44,-31531.0,516.0
70.0,-2.44,-31498.0,516.0
70.0,-2.44,-31329.0,516.0
70.0,-2.44,-31582.0,516.0
70.0,-2.44,-32609.0,516.0
70.0,-2.44,-32826.0,516.0
70.0,-2.44,-32081.0,516.0
70.0,-2.44,-31966.0,516.0
70.0,-2.44,-33011.0,517.0
70.0,-2.44,-32942.0,516.0
70.0,-2.44,-32859.0,516.0
70.0,-2.44,-32290.0,516.0
70.0,-2.44,-33081.0,516.0
70.0,-2.44,-33736.0,517.0
70.0,-2.44,-33689.0,516.0
70.0,-2.44,-34934.0,516.0
70.0,-2.44,-35221.0,515.0
70.0,-2.44,-34238.0,515.0
70.0,-2.44,-34395.0,516.0
70.0,-2.44,-34934.0,516.0
70.0,-2.44,-35095.0,516.0
70.0,-2.44,-34362.0,516.0
70.0,-2.44,-34583.0,516.0
70.0,-2.44,-34830.0,516.0
70.0,-2.44,-33869.0,516.0
70.0,-2.44,-34016.0,516.0
70.0,-2.44,-34639.0,516.0
70.0,-2.44,-34396.0,517.0
70.0,-2.13,-34933.0,518.0
70.0,-2.19,-33486.0,517.0
70.0,-2.19,-31559.0,518.0
70.0,-2.0,-31888.0,518.0
70.0,-2.0,-31245.0,518.0
70.0,-2.06,-31266.0,518.0
70.0,-2.06,-30665.0,518.0
70.0,-2.06,-30112.0,518.0
70.0,-2.06,-30379.0,518.0
70.0,-2.06,-31384.0,518.0
70.0,-2.06,-32759.0,517.0
70.0,-2.06,-32004.0,518.0
70.0,-2.06,-32803.0,518.0
70.0,-2.06,-33080.0,518.0
70.0,-2.06,-32607.0,518.0
70.0,-2.06,-33092.0,518.0
70.0,-2.06,-32807.0,518.0
70.0,-2.06,-31756.0,518.0
70.0,-2.06,-30439.0,518.0
70.0,-2.06,-30242.0,518.0
60.0,-14.94,-137405.0,478.0
60.0,-14.94,-138018.0,478.0
60.0,-14.94,-137879.0,478.0
60.0,-14.94,-138114.0,478.0
60.0,-14.94,-138317.0,477.0
60.0,-14.94,-137008.0,478.0
60.0,-14.94,-138649.0,478.0
60.0,-14.94,-138608.0,478.0
60.0,-14.94,-138149.0,478.0
60.0,-14.94,-138176.0,478.0
60.0,-14.94,-137099.0,478.0
60.0,-14.94,-136896.0,478.0
60.0,-14.94,-136431.0,478.0
60.0,-14.94,-136030.0,478.0
60.0,-14.94,-135373.0,478.0
60.0,-14.94,-135862.0,478.0
60.0,-14.94,-135369.0,478.0
60.0,-14.94,-135836.0,478.0
60.0,-14.94,-137125.0,479.0
60.0,-14.63,-136436.0,479.0
60.0,-14.63,-134075.0,479.0
60.0,-14.63,-133532.0,479.0
60.0,-14.63,-133309.0,479.0
60.0,-14.63,-133416.0,479.0
60.0,-14.63,-133921.0,478.0
60.0,-14.63,-133784.0,479.0
60.0,-14.63,-132951.0,479.0
60.0,-14.63,-133722.0,481.0
60.0,-14.38,-133429.0,478.0
60.0,-14.94,-131744.0,478.0
60.0,-14.94,-134675.0,478.0
60.0,-14.94,-134804.0,477.0
60.0,-14.94,-135011.0,478.0
60.0,-14.94,-135902.0,477.0
50.0,-29.12,-251203.0,433.0
50.0,-29.12,-251018.0,434.0
50.0,-29.12,-250595.0,433.0
50.0,-29.12,-250342.0,433.0
50.0,-29.12,-250573.0,433.0
50.0,-29.12,-250784.0,433.0
50.0,-29.12,-250299.0,433.0
50.0,-29.12,-250208.0,433.0
50.0,-29.12,-249767.0,433.0
50.0,-29.12,-249242.0,433.0
50.0,-29.12,-249123.0,433.0
50.0,-29.12,-249716.0,434.0
50.0,-29.12,-250525.0,433.0
50.0,-29.12,-250972.0,433.0
50.0,-29.12,-250171.0,433.0
50.0,-29.12,-250256.0,432.0
50.0,-29.12,-249543.0,433.0
50.0,-29.12,-249966.0,433.0
50.0,-29.12,-249545.0,433.0
50.0,-29.12,-249056.0,434.0
50.0,-29.12,-249657.0,434.0
50.0,-29.12,-248164.0,433.0
50.0,-29.12,-248217.0,433.0
50.0,-29.12,-248178.0,433.0
50.0,-29.12,-248221.0,433.0
50.0,-29.12,-247168.0,433.0
50.0,-29.12,-247099.0,433.0
50.0,-29.12,-246510.0,433.0
50.0,-29.12,-246665.0,433.0
50.0,-29.12,-247382.0,433.0
50.0,-29.12,-247829.0,433.0
50.0,-29.12,-247342.0,433.0
50.0,-29.12,-245717.0,434.0
50.0,-29.12,-245348.0,433.0
50.0,-29.12,-245441.0,434.0
50.0,-29.12,-246306.0,433.0
50.0,-29.12,-246595.0,433.0
50.0,-29.12,-246786.0,433.0
50.0,-29.12,-247137.0,433.0
50.0,-29.12,-247212.0,433.0
50.0,-29.12,-247115.0,433.0
50.0,-29.12,-248006.0,433.0
50.0,-29.12,-247055.0,433.0
50.0,-29.12,-246460.0,434.0
50.0,-29.12,-246665.0,433.0
50.0,-29.12,-247230.0,434.0
50.0,-29.12,-247237.0,433.0
50.0,-29.12,-247534.0,433.0
50.0,-29.12,-247683.0,433.0
50.0,-29.12,-248400.0,433.0
40.0,-43.75,-373799.0,386.0
40.0,-43.75,-373760.0,386.0
40.0,-43.75,-374103.0,386.0
40.0,-43.75,-374376.0,386.0
40.0,-43.75,-375109.0,386.0
40.0,-43.75,-375124.0,386.0
40.0,-43.75,-374875.0,385.0
40.0,-43.75,-375170.0,386.0
40.0,-43.75,-374615.0,386.0
40.0,-43.75,-374992.0,386.0
40.0,-43.75,-374383.0,386.0
40.0,-43.75,-374266.0,386.0
40.0,-43.75,-375323.0,386.0
40.0,-43.75,-376078.0,385.0
40.0,-43.75,-375205.0,386.0
40.0,-43.75,-374198.0,386.0
40.0,-43.75,-374247.0,385.0
40.0,-43.75,-374198.0,386.0
40.0,-43.75,-374043.0,385.0
40.0,-43.75,-373940.0,386.0
40.0,-43.75,-373585.0,386.0
40.0,-43.75,-373246.0,386.0
40.0,-43.75,-373633.0,387.0
40.0,-43.75,-374460.0,386.0
40.0,-43.75,-373869.0,386.0
40.0,-43.75,-373322.0,386.0
40.0,-43.75,-372517.0,386.0
40.0,-43.75,-373008.0,386.0
40.0,-43.75,-373035.0,385.0
40.0,-43.75,-372964.0,386.0
40.0,-43.75,-373401.0,386.0
40.0,-43.75,-374010.0,386.0
40.0,-43.75,-373773.0,386.0
40.0,-43.75,-373610.0,386.0
40.0,-43.75,-373417.0,386.0
40.0,-43.75,-372770.0,386.0
40.0,-43.75,-373389.0,385.0
40.0,-43.75,-374106.0,386.0
40.0,-43.75,-375987.0,385.0
40.0,-43.75,-375870.0,386.0
40.0,-43.75,-375867.0,386.0
40.0,-43.75,-375358.0,386.0
40.0,-43.75,-374329.0,385.0
40.0,-43.75,-373970.0,386.0
40.0,-43.75,-374327.0,386.0
40.0,-43.75,-374252.0,386.0
40.0,-43.75,-373821.0,386.0
40.0,-43.75,-374160.0,386.0
40.0,-43.75,-374425.0,385.0
40.0,-43.75,-373716.0,386.0
30.0,-58.38,-521805.0,337.0
30.0,-58.31,-521198.0,337.0
30.0,-58.31,-520715.0,336.0
30.0,-58.25,-521038.0,336.0
30.0,-58.19,-521113.0,337.0
30.0,-58.19,-522392.0,337.0
30.0,-58.19,-522339.0,337.0
30.0,-58.19,-522656.0,337.0
30.0,-58.19,-522537.0,337.0
30.0,-58.19,-521852.0,336.0
30.0,-58.19,-521529.0,338.0
30.0,-58.19,-522422.0,336.0
30.0,-58.19,-522179.0,337.0
30.0,-58.19,-522312.0,336.0
30.0,-58.19,-521741.0,337.0
30.0,-58.19,-522366.0,337.0
30.0,-58.19,-522733.0,336.0
30.0,-58.19,-523234.0,337.0
30.0,-58.19,-522915.0,337.0
30.0,-58.19,-523046.0,336.0
30.0,-58.19,-523585.0,336.0
30.0,-58.19,-523192.0,336.0
30.0,-58.19,-522829.0,336.0
30.0,-58.19,-524038.0,337.0
30.0,-58.19,-523635.0,336.0
30.0,-58.19,-523654.0,336.0
30.0,-58.19,-524857.0,336.0
30.0,-58.19,-524894.0,337.0
30.0,-58.19,-524903.0,336.0
30.0,-58.19,-525288.0,336.0
30.0,-58.19,-524773.0,337.0
30.0,-58.19,-524702.0,336.0
30.0,-58.19,-524803.0,337.0
30.0,-58.19,-525392.0,336.0
30.0,-58.19,-525177.0,337.0
30.0,-58.19,-523746.0,337.0
30.0,-58.19,-523631.0,337.0
30.0,-58.19,-524324.0,337.0
30.0,-58.19,-524775.0,336.0
30.0,-58.19,-524650.0,337.0
30.0,-58.19,-524187.0,336.0
30.0,-58.19,-523992.0,337.0
30.0,-58.19,-524485.0,337.0
30.0,-58.19,-524916.0,337.0
30.0,-58.19,-525435.0,337.0
30.0,-58.19,-525576.0,337.0
30.0,-58.19,-524799.0,336.0
30.0,-58.19,-524852.0,336.0
30.0,-58.19,-524595.0,336.0
30.0,-58.19,-524550.0,336.0
20.0,-71.87,-685265.0,290.0
20.0,-71.87,-685912.0,291.0
20.0,-71.87,-685587.0,292.0
20.0,-71.87,-685774.0,291.0
20.0,-71.87,-684263.0,291.0
20.0,-71.87,-684080.0,291.0
20.0,-71.87,-684335.0,291.0
20.0,-71.87,-684268.0,291.0
20.0,-71.87,-683679.0,291.0
20.0,-71.87,-684484.0,291.0
20.0,-71.87,-685159.0,291.0
20.0,-71.87,-684528.0,290.0
20.0,-71.87,-683665.0,291.0
20.0,-71.87,-683272.0,291.0
20.0,-71.87,-683447.0,291.0
20.0,-71.87,-682686.0,290.0
20.0,-71.87,-682309.0,291.0
20.0,-71.87,-683236.0,291.0
20.0,-71.87,-683605.0,291.0
20.0,-71.87,-683096.0,291.0
20.0,-71.87,-682263.0,290.0
20.0,-71.87,-684036.0,290.0
20.0,-71.87,-685903.0,291.0
20.0,-71.87,-686542.0,291.0
20.0,-71.87,-687647.0,290.0
20.0,-71.87,-687032.0,290.0
20.0,-71.87,-687073.0,291.0
20.0,-71.87,-687644.0,291.0
20.0,-71.87,-688467.0,291.0
20.0,-71.87,-688634.0,291.0
20.0,-71.87,-688703.0,291.0
20.0,-71.87,-689142.0,291.0
20.0,-71.87,-688877.0,291.0
20.0,-71.87,-688596.0,291.0
20.0,-71.87,-689733.0,291.0
20.0,-71.87,-690092.0,291.0
20.0,-71.87,-690645.0,291.0
20.0,-71.87,-690584.0,291.0
20.0,-71.87,-690525.0,291.0
20.0,-71.87,-690530.0,291.0
20.0,-71.87,-690599.0,291.0
20.0,-71.87,-690746.0,291.0
20.0,-71.87,-690507.0,291.0
20.0,-71.87,-691532.0,291.0
20.0,-71.87,-691867.0,291.0
20.0,-71.87,-691316.0,291.0
20.0,-71.87,-690661.0,290.0
20.0,-71.87,-690196.0,290.0
20.0,-71.87,-690247.0,291.0
20.0,-71.87,-688166.0,291.0
10.0,-84.25,-932085.0,247.0
10.0,-84.19,-934124.0,246.0
10.0,-84.19,-936221.0,246.0
10.0,-84.12,-938168.0,247.0
10.0,-84.12,-939969.0,246.0
10.0,-84.06,-940150.0,245.0
10.0,-84.06,-939259.0,246.0
10.0,-84.06,-937688.0,246.0
10.0,-84.06,-936259.0,245.0
10.0,-84.06,-936244.0,246.0
10.0,-84.06,-937979.0,246.0
10.0,-84.06,-938748.0,246.0
10.0,-84.06,-939387.0,246.0
10.0,-84.06,-940154.0,246.0
10.0,-84.06,-941657.0,246.0
10.0,-84.06,-941806.0,246.0
10.0,-84.06,-941825.0,245.0
10.0,-84.06,-942062.0,246.0
10.0,-84.06,-941883.0,246.0
10.0,-84.06,-941698.0,246.0
10.0,-84.06,-940577.0,246.0
10.0,-84.06,-938458.0,246.0
10.0,-84.06,-938627.0,246.0
10.0,-84.06,-938362.0,246.0
10.0,-84.06,-938559.0,246.0
10.0,-84.06,-937522.0,245.0
10.0,-84.06,-937115.0,246.0
10.0,-84.06,-937328.0,246.0
10.0,-84.06,-937009.0,246.0
10.0,-84.06,-935018.0,246.0
10.0,-84.06,-934941.0,246.0
10.0,-84.06,-935264.0,246.0
10.0,-84.06,-935969.0,245.0
10.0,-84.06,-935786.0,245.0
10.0,-84.06,-935259.0,245.0
10.0,-84.06,-935046.0,246.0
10.0,-84.06,-935741.0,246.0
10.0,-84.06,-935734.0,246.0
10.0,-84.06,-935331.0,246.0
10.0,-84.06,-935760.0,246.0
10.0,-84.06,-935463.0,245.0
10.0,-84.06,-934880.0,246.0
10.0,-84.06,-932725.0,246.0
10.0,-84.06,-932038.0,246.0
10.0,-84.06,-932063.0,246.0
10.0,-84.06,-930906.0,246.0
10.0,-84.06,-930981.0,246.0
10.0,-84.06,-931562.0,246.0
10.0,-84.06,-931067.0,245.0
10.0,-84.06,-931372.0,246.0
20.0,-71.87,-686493.0,289.0
20.0,-71.87,-686432.0,290.0
20.0,-71.87,-686163.0,289.0
20.0,-71.87,-686794.0,290.0
20.0,-71.87,-687029.0,290.0
20.0,-71.87,-686422.0,289.0
20.0,-71.87,-686479.0,290.0
20.0,-71.87,-686636.0,290.0
20.0,-71.87,-686095.0,289.0
20.0,-71.87,-685382.0,290.0
20.0,-71.87,-684799.0,290.0
20.0,-71.87,-684920.0,290.0
20.0,-71.87,-684123.0,290.0
20.0,-71.87,-683836.0,289.0
20.0,-71.87,-684607.0,290.0
20.0,-71.87,-685056.0,289.0
20.0,-71.87,-683683.0,289.0
20.0,-71.87,-682586.0,290.0
20.0,-71.87,-682139.0,290.0
20.0,-71.87,-681854.0,289.0
20.0,-71.87,-680317.0,290.0
20.0,-71.87,-680082.0,290.0
20.0,-71.87,-679673.0,290.0
20.0,-71.87,-680300.0,290.0
20.0,-71.87,-680827.0,290.0
20.0,-71.87,-680066.0,290.0
20.0,-71.87,-680141.0,289.0
20.0,-71.87,-680414.0,289.0
20.0,-71.87,-680163.0,290.0
20.0,-71.87,-680018.0,289.0
20.0,-71.87,-680325.0,289.0
20.0,-71.87,-679664.0,290.0
20.0,-71.87,-679577.0,290.0
20.0,-71.87,-679520.0,290.0
20.0,-71.87,-679171.0,290.0
20.0,-71.87,-680274.0,290.0
20.0,-71.87,-680277.0,290.0
20.0,-71.87,-680414.0,290.0
20.0,-71.87,-681651.0,290.0
20.0,-71.87,-681588.0,290.0
20.0,-71.87,-681167.0,289.0
20.0,-71.87,-681632.0,290.0
20.0,-71.87,-681595.0,289.0
20.0,-71.87,-681788.0,289.0
20.0,-71.87,-681975.0,290.0
20.0,-71.87,-682014.0,290.0
20.0,-71.87,-681979.0,289.0
20.0,-71.87,-681950.0,289.0
20.0,-71.87,-682455.0,290.0
20.0,-71.87,-682776.0,289.0
30.0,-58.44,-513757.0,334.0
30.0,-58.44,-513940.0,335.0
30.0,-58.44,-513771.0,335.0
30.0,-58.44,-513898.0,335.0
30.0,-58.44,-513737.0,334.0
30.0,-58.44,-514412.0,334.0
30.0,-58.44,-515335.0,334.0
30.0,-58.44,-513704.0,334.0
30.0,-58.44,-513455.0,335.0
30.0,-58.44,-513486.0,335.0
30.0,-58.44,-512633.0,334.0
30.0,-58.44,-512178.0,334.0
30.0,-58.44,-511637.0,334.0
30.0,-58.44,-512220.0,334.0
30.0,-58.44,-512025.0,335.0
30.0,-58.44,-511838.0,335.0
30.0,-58.44,-512615.0,334.0
30.0,-58.44,-512932.0,335.0
30.0,-58.44,-513083.0,334.0
30.0,-58.44,-513120.0,335.0
30.0,-58.44,-514651.0,335.0
30.0,-58.44,-514870.0,334.0
30.0,-58.44,-514801.0,335.0
30.0,-58.44,-514546.0,335.0
30.0,-58.44,-513613.0,334.0
30.0,-58.44,-513408.0,334.0
30.0,-58.44,-512585.0,334.0
30.0,-58.44,-512638.0,335.0
30.0,-58.44,-513047.0,336.0
30.0,-58.44,-512890.0,335.0
30.0,-58.44,-514105.0,335.0
30.0,-58.44,-515140.0,335.0
30.0,-58.44,-514795.0,335.0
30.0,-58.44,-514554.0,334.0
30.0,-58.44,-514169.0,335.0
30.0,-58.44,-514418.0,335.0
30.0,-58.44,-515375.0,335.0
30.0,-58.44,-515516.0,335.0
30.0,-58.44,-515379.0,335.0
30.0,-58.44,-515348.0,335.0
30.0,-58.44,-513979.0,335.0
30.0,-58.44,-512558.0,335.0
30.0,-58.44,-512783.0,334.0
30.0,-58.44,-513396.0,334.0
30.0,-58.44,-514289.0,334.0
30.0,-58.44,-512534.0,334.0
30.0,-58.44,-512927.0,335.0
30.0,-58.44,-513366.0,334.0
30.0,-58.44,-512467.0,334.0
30.0,-58.44,-512704.0,334.0
40.0,-44.13,-381921.0,381.0
40.0,-44.13,-382230.0,381.0
40.0,-44.13,-381707.0,382.0
40.0,-44.13,-381148.0,382.0
40.0,-44.13,-381339.0,381.0
40.0,-44.13,-381620.0,382.0
40.0,-44.13,-381497.0,382.0
40.0,-44.13,-381418.0,382.0
40.0,-44.13,-380501.0,381.0
40.0,-44.13,-379992.0,382.0
40.0,-44.13,-380105.0,381.0
40.0,-44.13,-380826.0,382.0
40.0,-44.13,-380949.0,382.0
40.0,-44.13,-380458.0,382.0
40.0,-44.13,-380365.0,382.0
40.0,-44.13,-380284.0,382.0
40.0,-44.13,-380879.0,381.0
40.0,-44.13,-380888.0,381.0
40.0,-44.13,-381121.0,383.0
40.0,-44.13,-379594.0,381.0
40.0,-44.13,-379135.0,382.0
40.0,-44.13,-378800.0,382.0
40.0,-44.13,-379315.0,381.0
40.0,-44.13,-379208.0,382.0
40.0,-44.13,-378435.0,382.0
40.0,-44.13,-378450.0,381.0
40.0,-44.13,-378933.0,382.0
40.0,-44.13,-379374.0,381.0
40.0,-44.13,-379109.0,382.0
40.0,-44.13,-378804.0,382.0
40.0,-44.13,-378875.0,381.0
40.0,-44.13,-378728.0,381.0
40.0,-44.13,-378119.0,381.0
40.0,-44.13,-378528.0,381.0
40.0,-44.13,-377905.0,381.0
40.0,-44.13,-378574.0,382.0
40.0,-44.13,-380431.0,381.0
40.0,-44.13,-379950.0,382.0
40.0,-44.13,-379109.0,382.0
40.0,-44.13,-379572.0,381.0
40.0,-44.13,-379153.0,382.0
40.0,-44.13,-379588.0,382.0
40.0,-44.13,-379137.0,382.0
40.0,-44.13,-378442.0,382.0
40.0,-44.13,-378397.0,381.0
40.0,-44.13,-378368.0,381.0
40.0,-44.13,-377825.0,382.0
40.0,-44.13,-377704.0,381.0
40.0,-44.13,-377957.0,382.0
40.0,-44.13,-377574.0,381.0
50.0,-29.87,-265763.0,428.0
50.0,-29.87,-266256.0,428.0
50.0,-29.87,-266607.0,428.0
50.0,-29.87,-267740.0,428.0
50.0,-29.87,-267409.0,428.0
50.0,-29.87,-267166.0,428.0
50.0,-29.87,-266703.0,428.0
50.0,-29.87,-266804.0,427.0
50.0,-29.87,-266935.0,428.0
50.0,-29.87,-266224.0,428.0
50.0,-29.87,-266047.0,428.0
50.0,-29.87,-266386.0,427.0
50.0,-29.87,-266861.0,428.0
50.0,-29.87,-266560.0,427.0
50.0,-29.87,-265485.0,428.0
50.0,-29.87,-265276.0,428.0
50.0,-29.87,-264963.0,427.0
50.0,-29.87,-264716.0,428.0
50.0,-29.87,-264251.0,428.0
50.0,-29.87,-264290.0,427.0
50.0,-29.87,-263605.0,428.0
50.0,-29.87,-263630.0,428.0
50.0,-29.87,-264347.0,428.0
50.0,-29.87,-265528.0,428.0
50.0,-29.87,-265935.0,428.0
50.0,-29.87,-265564.0,428.0
50.0,-29.87,-265851.0,427.0
50.0,-29.87,-264748.0,428.0
50.0,-29.87,-264305.0,427.0
50.0,-29.87,-264278.0,427.0
50.0,-29.87,-264425.0,428.0
50.0,-29.87,-263518.0,428.0
50.0,-29.87,-263841.0,428.0
50.0,-29.87,-263890.0,428.0
50.0,-29.87,-263961.0,428.0
50.0,-29.87,-263596.0,428.0
50.0,-29.87,-263381.0,427.0
50.0,-29.87,-263588.0,428.0
50.0,-29.87,-264367.0,428.0
50.0,-29.87,-264338.0,428.0
50.0,-29.87,-263465.0,428.0
50.0,-29.87,-262758.0,428.0
50.0,-29.87,-261869.0,427.0
50.0,-29.87,-261600.0,427.0
50.0,-29.87,-262255.0,427.0
50.0,-29.87,-262330.0,427.0
50.0,-29.87,-263015.0,428.0
50.0,-29.87,-263394.0,428.0
50.0,-29.87,-262139.0,427.0
50.0,-29.87,-262570.0,428.0
60.0,-15.56,-131901.0,473.0
60.0,-15.63,-131950.0,474.0
60.0,-15.69,-131991.0,474.0
60.0,-15.69,-132176.0,474.0
60.0,-15.75,-132287.0,473.0
60.0,-15.75,-132410.0,473.0
60.0,-15.75,-132349.0,473.0
60.0,-15.75,-132116.0,474.0
60.0,-15.75,-132241.0,473.0
60.0,-15.75,-132114.0,473.0
60.0,-15.75,-130519.0,474.0
60.0,-15.75,-130908.0,474.0
60.0,-15.75,-131535.0,473.0
60.0,-15.75,-131684.0,473.0
60.0,-15.75,-132335.0,473.0
60.0,-15.75,-132576.0,473.0
60.0,-15.75,-134147.0,474.0
60.0,-15.75,-134342.0,473.0
60.0,-15.75,-134607.0,473.0
60.0,-15.75,-134260.0,473.0
60.0,-15.75,-134225.0,474.0
60.0,-15.75,-134576.0,474.0
60.0,-15.75,-134153.0,473.0
60.0,-15.75,-134612.0,473.0
60.0,-15.75,-133255.0,473.0
60.0,-15.75,-132474.0,474.0
60.0,-15.75,-132685.0,473.0
60.0,-15.75,-132904.0,474.0
60.0,-15.75,-132855.0,474.0
60.0,-15.75,-132456.0,473.0
60.0,-15.75,-132335.0,473.0
60.0,-15.75,-133624.0,473.0
60.0,-15.75,-133999.0,474.0
60.0,-15.75,-134608.0,473.0
60.0,-15.75,-134817.0,473.0
60.0,-15.75,-134954.0,474.0
60.0,-15.75,-134759.0,474.0
60.0,-15.75,-134112.0,474.0
60.0,-15.75,-133791.0,474.0
60.0,-15.75,-133484.0,473.0
60.0,-15.75,-133613.0,474.0
60.0,-15.75,-134190.0,473.0
60.0,-15.75,-134801.0,473.0
60.0,-15.75,-134238.0,473.0
60.0,-15.75,-133947.0,474.0
60.0,-15.75,-134510.0,474.0
60.0,-15.75,-135401.0,474.0
60.0,-15.75,-135654.0,473.0
60.0,-15.75,-134571.0,473.0
60.0,-15.75,-134116.0,473.0
70.0,-2.63,-27553.0,516.0
70.0,-2.63,-27288.0,516.0
70.0,-2.63,-27487.0,516.0
70.0,-2.63,-26600.0,515.0
70.0,-2.63,-25911.0,516.0
70.0,-2.63,-26246.0,515.0
70.0,-2.63,-26415.0,515.0
70.0,-2.63,-26766.0,516.0
70.0,-2.63,-26145.0,516.0
70.0,-2.63,-25458.0,516.0
70.0,-2.63,-25683.0,516.0
70.0,-2.63,-25198.0,516.0
70.0,-2.63,-25309.0,516.0
70.0,-2.63,-25354.0,516.0
70.0,-2.63,-25585.0,516.0
70.0,-2.63,-25072.0,516.0
70.0,-2.63,-25151.0,515.0
70.0,-2.63,-24582.0,516.0
70.0,-2.63,-25195.0,516.0
70.0,-2.63,-24822.0,516.0
70.0,-2.63,-24487.0,517.0
70.0,-2.63,-25288.0,516.0
70.0,-2.63,-25243.0,516.0
70.0,-2.63,-25146.0,516.0
70.0,-2.63,-26489.0,516.0
70.0,-2.63,-26470.0,516.0
70.0,-2.63,-26319.0,516.0
70.0,-2.63,-26552.0,515.0
70.0,-2.63,-26425.0,516.0
70.0,-2.63,-26472.0,516.0
70.0,-2.63,-26321.0,516.0
70.0,-2.63,-26390.0,515.0
70.0,-2.63,-27031.0,516.0
70.0,-2.63,-26840.0,515.0
70.0,-2.63,-26429.0,516.0
70.0,-2.63,-26104.0,516.0
70.0,-2.63,-26839.0,516.0
70.0,-2.63,-28140.0,516.0
70.0,-2.63,-28587.0,516.0
70.0,-2.63,-28964.0,516.0
70.0,-2.63,-29467.0,515.0
70.0,-2.63,-29604.0,516.0
70.0,-2.63,-29373.0,515.0
70.0,-2.63,-28844.0,516.0
70.0,-2.63,-29577.0,515.0
70.0,-2.63,-29954.0,516.0
70.0,-2.63,-29401.0,516.0
70.0,-2.63,-30302.0,516.0
70.0,-2.63,-30661.0,516.0
70.0,-2.63,-30732.0,515.0
70.0,-2.63,-30313.0,516.0
70.0,-2.63,-30246.0,516.0
70.0,-2.63,-30881.0,515.0
70.0,-2.63,-31266.0,515.0
70.0,-2.63,-31783.0,516.0
70.0,-2.63,-31506.0,516.0
70.0,-2.63,-30303.0,516.0
70.0,-2.63,-30500.0,516.0
70.0,-2.63,-30023.0,516.0
70.0,-2.63,-30262.0,516.0
70.0,-2.63,-27843.0,516.0
70.0,-2.63,-27218.0,516.0
70.0,-2.63,-28851.0,516.0
70.0,-2.63,-29746.0,516.0
70.0,-2.63,-28631.0,516.0
70.0,-2.63,-28308.0,515.0
70.0,-2.63,-29659.0,516.0
70.0,-2.63,-30878.0,516.0
70.0,-2.63,-31179.0,516.0
70.0,-2.63,-31010.0,516.0
70.0,-2.63,-31491.0,516.0
70.0,-2.63,-31748.0,516.0
70.0,-2.63,-31623.0,516.0
70.0,-2.63,-31794.0,516.0
70.0,-2.63,-31475.0,516.0
70.0,-2.63,-31380.0,515.0
70.0,-2.63,-31135.0,516.0
70.0,-2.63,-30766.0,515.0
70.0,-2.63,-30847.0,516.0
70.0,-2.63,-30476.0,516.0
70.0,-2.63,-30679.0,516.0
70.0,-2.63,-30958.0,516.0
70.0,-2.63,-30775.0,516.0
70.0,-2.63,-29964.0,516.0
70.0,-2.63,-30719.0,515.0
70.0,-2.63,-29912.0,516.0
70.0,-2.63,-29567.0,516.0
70.0,-2.63,-29712.0,517.0
70.0,-2.63,-30167.0,516.0
70.0,-2.63,-30180.0,516.0
70.0,-2.63,-30999.0,515.0
70.0,-2.63,-30406.0,516.0
70.0,-2.63,-30415.0,516.0
70.0,-2.63,-31802.0,516.0
70.0,-2.63,-31787.0,516.0
70.0,-2.63,-30124.0,516.0
70.0,-2.63,-30747.0,515.0
70.0,-2.63,-31316.0,515.0
70.0,-2.63,-30989.0,516.0
70.0,-2.63,-31080.0,516.0
70.0,-2.63,-30331.0,516.0
70.0,-2.63,-29196.0,517.0
70.0,-2.63,-29049.0,516.0
70.0,-2.63,-30380.0,515.0
70.0,-2.63,-30661.0,515.0
70.0,-2.63,-30658.0,515.0
70.0,-2.63,-30337.0,516.0
70.0,-2.63,-31562.0,516.0
70.0,-2.63,-32041.0,516.0
70.0,-2.63,-32064.0,516.0
70.0,-2.63,-32725.0,516.0
70.0,-2.63,-32952.0,516.0
70.0,-2.63,-33317.0,516.0
70.0,-2.63,-33812.0,516.0
70.0,-2.63,-33003.0,521.0
70.0,-0.94,-32262.0,521.0
60.0,-14.69,-106099.0,478.0
60.0,-14.69,-106998.0,478.0
60.0,-14.69,-108349.0,478.0
60.0,-14.69,-108812.0,478.0
60.0,-14.69,-110509.0,478.0
60.0,-14.69,-110314.0,479.0
60.0,-14.69,-111229.0,478.0
60.0,-14.69,-111762.0,478.0
60.0,-14.69,-111725.0,478.0
60.0,-14.69,-111612.0,478.0
60.0,-14.69,-111653.0,478.0
60.0,-14.69,-111522.0,478.0
60.0,-14.69,-111137.0,479.0
60.0,-14.69,-110888.0,478.0
60.0,-14.69,-110913.0,479.0
60.0,-14.69,-111422.0,479.0
60.0,-14.69,-111467.0,479.0
60.0,-14.69,-110380.0,478.0
60.0,-14.69,-109891.0,477.0
60.0,-14.69,-109292.0,478.0
60.0,-14.69,-108693.0,478.0
60.0,-14.69,-109382.0,478.0
60.0,-14.69,-109227.0,478.0
60.0,-14.69,-110386.0,478.0
60.0,-14.69,-111427.0,479.0
60.0,-14.69,-111058.0,478.0
60.0,-14.69,-108911.0,478.0
60.0,-14.69,-107952.0,478.0
60.0,-14.69,-108731.0,479.0
60.0,-14.69,-109266.0,478.0
60.0,-14.69,-107927.0,478.0
60.0,-14.69,-107306.0,478.0
60.0,-14.69,-107345.0,479.0
60.0,-14.69,-107352.0,478.0
50.0,-28.75,-230117.0,434.0
50.0,-28.75,-230698.0,434.0
50.0,-28.75,-231537.0,434.0
50.0,-28.75,-231848.0,434.0
50.0,-28.75,-232711.0,434.0
50.0,-28.75,-232800.0,434.0
50.0,-28.75,-232457.0,434.0
50.0,-28.75,-232968.0,434.0
50.0,-28.75,-232495.0,434.0
50.0,-28.75,-231972.0,434.0
50.0,-28.75,-231459.0,434.0
50.0,-28.75,-233448.0,434.0
50.0,-28.75,-233759.0,434.0
50.0,-28.75,-233542.0,434.0
50.0,-28.75,-232583.0,434.0
50.0,-28.75,-231462.0,434.0
50.0,-28.75,-230353.0,434.0
50.0,-28.75,-230330.0,434.0
50.0,-28.75,-229861.0,434.0
50.0,-28.75,-229056.0,433.0
50.0,-28.75,-229199.0,434.0
50.0,-28.75,-230086.0,434.0
50.0,-28.75,-229603.0,434.0
50.0,-28.75,-229762.0,434.0
50.0,-28.75,-229781.0,433.0
50.0,-28.75,-229850.0,434.0
50.0,-28.75,-229977.0,433.0
50.0,-28.75,-229666.0,434.0
50.0,-28.75,-229433.0,434.0
50.0,-28.75,-230628.0,433.0
50.0,-28.75,-230909.0,434.0
50.0,-28.75,-230146.0,433.0
50.0,-28.75,-229239.0,434.0
50.0,-28.75,-228366.0,434.0
50.0,-28.75,-228313.0,434.0
50.0,-28.75,-227638.0,434.0
50.0,-28.75,-228749.0,433.0
50.0,-28.75,-228524.0,434.0
50.0,-28.75,-228737.0,434.0
50.0,-28.75,-228694.0,434.0
50.0,-28.75,-228931.0,433.0
50.0,-28.75,-228636.0,433.0
50.0,-28.75,-228835.0,433.0
50.0,-28.75,-229364.0,434.0
50.0,-28.75,-228149.0,434.0
50.0,-28.75,-228372.0,434.0
50.0,-28.75,-230311.0,434.0
50.0,-28.75,-230888.0,434.0
50.0,-28.75,-232023.0,433.0
50.0,-28.75,-232122.0,434.0
40.0,-43.69,-367497.0,385.0
40.0,-43.69,-367902.0,385.0
40.0,-43.69,-367413.0,385.0
40.0,-43.69,-366786.0,385.0
40.0,-43.69,-366655.0,385.0
40.0,-43.69,-366334.0,386.0
40.0,-43.69,-366115.0,386.0
40.0,-43.69,-366726.0,385.0
40.0,-43.69,-366835.0,385.0
40.0,-43.69,-366006.0,386.0
40.0,-43.69,-365981.0,385.0
40.0,-43.69,-365190.0,386.0
40.0,-43.69,-365391.0,385.0
40.0,-43.69,-365182.0,386.0
40.0,-43.69,-365315.0,385.0
40.0,-43.69,-365686.0,385.0
40.0,-43.69,-366033.0,385.0
40.0,-43.69,-366000.0,385.0
40.0,-43.69,-366067.0,385.0
40.0,-43.69,-365758.0,385.0
40.0,-43.69,-365155.0,386.0
40.0,-43.69,-363358.0,385.0
40.0,-43.69,-362353.0,385.0
40.0,-43.69,-361762.0,386.0
40.0,-43.69,-362821.0,385.0
40.0,-43.69,-363472.0,385.0
40.0,-43.69,-363847.0,385.0
40.0,-43.69,-363676.0,385.0
40.0,-43.69,-364731.0,385.0
40.0,-43.69,-364884.0,386.0
40.0,-43.69,-364265.0,385.0
40.0,-43.69,-364650.0,385.0
40.0,-43.69,-365689.0,386.0
40.0,-43.69,-365388.0,386.0
40.0,-43.69,-366517.0,385.0
40.0,-43.69,-367090.0,385.0
40.0,-43.69,-366869.0,385.0
40.0,-43.69,-366386.0,386.0
40.0,-43.69,-365621.0,386.0
40.0,-43.69,-365954.0,386.0
40.0,-43.69,-366657.0,385.0
40.0,-43.69,-365708.0,385.0
40.0,-43.69,-365459.0,385.0
40.0,-43.69,-364770.0,386.0
40.0,-43.69,-364903.0,386.0
40.0,-43.69,-364600.0,385.0
40.0,-43.69,-364629.0,385.0
40.0,-43.69,-365540.0,385.0
40.0,-43.69,-365899.0,385.0
40.0,-43.69,-364984.0,385.0
30.0,-58.63,-511987.0,335.0
30.0,-58.63,-512256.0,336.0
30.0,-58.63,-513305.0,337.0
30.0,-58.63,-512458.0,336.0
30.0,-58.63,-512185.0,336.0
30.0,-58.63,-511998.0,335.0
30.0,-58.63,-511089.0,336.0
30.0,-58.63,-510798.0,337.0
30.0,-58.63,-512029.0,337.0
30.0,-58.63,-511322.0,337.0
30.0,-58.63,-511389.0,337.0
30.0,-58.63,-510900.0,336.0
30.0,-58.63,-511963.0,336.0
30.0,-58.63,-512816.0,337.0
30.0,-58.63,-512215.0,336.0
30.0,-58.63,-510968.0,336.0
30.0,-58.63,-510909.0,336.0
30.0,-58.63,-511808.0,336.0
30.0,-58.63,-511727.0,336.0
30.0,-58.63,-510924.0,336.0
30.0,-58.63,-510441.0,336.0
30.0,-58.63,-509184.0,336.0
30.0,-58.63,-508809.0,336.0
30.0,-58.63,-508770.0,336.0
30.0,-58.63,-508285.0,336.0
30.0,-58.63,-508524.0,336.0
30.0,-58.63,-508369.0,336.0
30.0,-58.63,-509092.0,337.0
30.0,-58.63,-508875.0,337.0
30.0,-58.63,-508120.0,336.0
30.0,-58.63,-507833.0,336.0
30.0,-58.63,-507278.0,336.0
30.0,-58.63,-507623.0,336.0
30.0,-58.63,-506828.0,337.0
30.0,-58.63,-506141.0,336.0
30.0,-58.63,-506622.0,336.0
30.0,-58.63,-507763.0,336.0
30.0,-58.63,-507706.0,336.0
30.0,-58.63,-507551.0,336.0
30.0,-58.63,-508408.0,336.0
30.0,-58.63,-508397.0,336.0
30.0,-58.63,-507900.0,336.0
30.0,-58.63,-508061.0,336.0
30.0,-58.63,-509342.0,336.0
30.0,-58.63,-508879.0,336.0
30.0,-58.63,-508540.0,336.0
30.0,-58.63,-507973.0,336.0
30.0,-58.63,-508600.0,337.0
30.0,-58.63,-508405.0,336.0
30.0,-58.63,-508072.0,337.0
20.0,-71.81,-674251.0,291.0
20.0,-71.81,-674478.0,291.0
20.0,-71.75,-674963.0,290.0
20.0,-71.69,-674532.0,291.0
20.0,-71.69,-675417.0,292.0
20.0,-71.69,-675604.0,291.0
20.0,-71.69,-675487.0,291.0
20.0,-71.69,-674444.0,291.0
20.0,-71.69,-675069.0,291.0
20.0,-71.69,-673880.0,291.0
20.0,-71.69,-674473.0,292.0
20.0,-71.69,-674968.0,292.0
20.0,-71.69,-674585.0,291.0
20.0,-71.69,-674098.0,291.0
20.0,-71.69,-674045.0,292.0
20.0,-71.69,-673748.0,291.0
20.0,-71.69,-673745.0,290.0
20.0,-71.69,-673586.0,291.0
20.0,-71.69,-673201.0,291.0
20.0,-71.69,-673682.0,291.0
20.0,-71.69,-673997.0,291.0
20.0,-71.69,-673806.0,291.0
20.0,-71.69,-673451.0,291.0
20.0,-71.69,-674364.0,291.0
20.0,-71.69,-674415.0,291.0
20.0,-71.69,-674360.0,291.0
20.0,-71.69,-674471.0,291.0
20.0,-71.69,-674390.0,291.0
20.0,-71.69,-674149.0,292.0
20.0,-71.69,-673610.0,291.0
20.0,-71.69,-673787.0,291.0
20.0,-71.69,-673306.0,291.0
20.0,-71.69,-673495.0,291.0
20.0,-71.69,-673088.0,291.0
20.0,-71.69,-673513.0,291.0
20.0,-71.69,-674564.0,291.0
20.0,-71.69,-674549.0,290.0
20.0,-71.69,-674182.0,291.0
20.0,-71.69,-674191.0,291.0
20.0,-71.69,-674022.0,291.0
20.0,-71.69,-673807.0,292.0
20.0,-71.69,-673972.0,291.0
20.0,-71.69,-673905.0,292.0
20.0,-71.69,-673192.0,292.0
20.0,-71.69,-673917.0,291.0
20.0,-71.69,-673970.0,291.0
20.0,-71.69,-674147.0,290.0
20.0,-71.69,-673814.0,291.0
20.0,-71.69,-673513.0,291.0
20.0,-71.69,-673464.0,291.0
10.0,-83.94,-930919.0,244.0
10.0,-83.94,-933112.0,245.0
10.0,-83.94,-933723.0,245.0
10.0,-83.94,-935218.0,244.0
10.0,-83.94,-935649.0,244.0
10.0,-83.94,-936016.0,247.0
10.0,-83.56,-936461.0,247.0
10.0,-83.56,-929286.0,247.0
10.0,-83.56,-929529.0,246.0
10.0,-83.56,-930358.0,247.0
10.0,-83.56,-930861.0,246.0
10.0,-83.56,-932250.0,246.0
10.0,-83.56,-932541.0,246.0
10.0,-83.56,-932734.0,246.0
10.0,-83.56,-932493.0,246.0
10.0,-83.56,-932724.0,245.0
10.0,-83.56,-932957.0,246.0
10.0,-83.56,-933362.0,247.0
10.0,-83.56,-934319.0,246.0
10.0,-83.56,-933856.0,246.0
10.0,-83.56,-933465.0,246.0
10.0,-83.56,-932644.0,246.0
10.0,-83.56,-933235.0,246.0
10.0,-83.56,-933376.0,246.0
10.0,-83.56,-933551.0,246.0
10.0,-83.56,-933294.0,246.0
10.0,-83.56,-933305.0,246.0
10.0,-83.56,-932506.0,246.0
10.0,-83.56,-932511.0,246.0
10.0,-83.56,-933044.0,247.0
10.0,-83.56,-933715.0,246.0
10.0,-83.56,-933846.0,247.0
10.0,-83.56,-934163.0,247.0
10.0,-83.56,-933508.0,246.0
10.0,-83.56,-933517.0,246.0
10.0,-83.56,-933720.0,246.0
10.0,-83.56,-933243.0,246.0
10.0,-83.56,-932896.0,247.0
10.0,-83.56,-933389.0,246.0
10.0,-83.56,-932792.0,246.0
10.0,-83.56,-932047.0,246.0
10.0,-83.56,-931164.0,246.0
10.0,-83.56,-930151.0,246.0
10.0,-83.56,-930884.0,246.0
10.0,-83.56,-930481.0,246.0
10.0,-83.56,-931456.0,247.0
10.0,-83.56,-932373.0,247.0
10.0,-83.56,-931544.0,246.0
10.0,-83.56,-931875.0,246.0
10.0,-83.56,-932322.0,246.0
20.0,-71.31,-690631.0,290.0
20.0,-71.31,-689566.0,289.0
20.0,-71.31,-689099.0,290.0
20.0,-71.31,-689658.0,289.0
20.0,-71.31,-690299.0,289.0
20.0,-71.31,-690678.0,289.0
20.0,-71.31,-690813.0,289.0
20.0,-71.31,-690000.0,289.0
20.0,-71.31,-689667.0,289.0
20.0,-71.31,-689142.0,289.0
20.0,-71.31,-689497.0,289.0
20.0,-71.31,-688946.0,289.0
20.0,-71.31,-689263.0,289.0
20.0,-71.31,-689222.0,289.0
20.0,-71.31,-689419.0,290.0
20.0,-71.31,-687660.0,289.0
20.0,-71.31,-687701.0,289.0
20.0,-71.31,-687834.0,289.0
20.0,-71.31,-687915.0,289.0
20.0,-71.31,-687934.0,289.0
20.0,-71.31,-687919.0,290.0
20.0,-71.31,-687888.0,290.0
20.0,-71.31,-687643.0,289.0
20.0,-71.31,-687262.0,289.0
20.0,-71.31,-687495.0,289.0
20.0,-71.31,-688004.0,289.0
20.0,-71.31,-688341.0,288.0
20.0,-71.31,-688228.0,290.0
20.0,-71.31,-688895.0,290.0
20.0,-71.31,-689286.0,290.0
20.0,-71.31,-687379.0,289.0
20.0,-71.31,-686394.0,289.0
20.0,-71.31,-685961.0,289.0
20.0,-71.31,-686942.0,289.0
20.0,-71.31,-687407.0,289.0
20.0,-71.31,-686854.0,289.0
20.0,-71.31,-685531.0,290.0
20.0,-71.31,-685238.0,293.0
20.0,-70.12,-683077.0,291.0
20.0,-70.75,-673162.0,291.0
20.0,-70.75,-680807.0,290.0
20.0,-70.75,-681470.0,291.0
20.0,-70.75,-681701.0,292.0
20.0,-70.75,-681330.0,291.0
20.0,-70.75,-681309.0,291.0
20.0,-70.75,-680782.0,291.0
20.0,-70.75,-681081.0,291.0
20.0,-70.75,-682844.0,292.0
20.0,-70.75,-682733.0,291.0
20.0,-70.75,-682204.0,291.0
30.0,-57.69,-517855.0,335.0
30.0,-57.69,-517852.0,334.0
30.0,-57.69,-518025.0,334.0
30.0,-57.69,-517994.0,335.0
30.0,-57.69,-517675.0,335.0
30.0,-57.69,-517666.0,334.0
30.0,-57.69,-516293.0,335.0
30.0,-57.69,-516062.0,335.0
30.0,-57.69,-515615.0,334.0
30.0,-57.69,-515416.0,334.0
30.0,-57.69,-515925.0,335.0
30.0,-57.69,-516416.0,334.0
30.0,-57.69,-516777.0,334.0
30.0,-57.69,-516960.0,335.0
30.0,-57.69,-516135.0,335.0
30.0,-57.69,-516836.0,334.0
30.0,-57.69,-516719.0,334.0
30.0,-57.69,-515336.0,335.0
30.0,-57.69,-515315.0,335.0
30.0,-57.69,-516348.0,334.0
30.0,-57.69,-516637.0,334.0
30.0,-57.69,-517108.0,335.0
30.0,-57.69,-516615.0,334.0
30.0,-57.69,-516540.0,335.0
30.0,-57.69,-516253.0,335.0
30.0,-57.69,-517302.0,335.0
30.0,-57.69,-517879.0,334.0
30.0,-57.69,-519938.0,334.0
30.0,-57.69,-519985.0,335.0
30.0,-57.69,-519680.0,334.0
30.0,-57.69,-519609.0,335.0
30.0,-57.69,-519504.0,334.0
30.0,-57.69,-520951.0,334.0
30.0,-57.69,-520884.0,335.0
30.0,-57.69,-519955.0,336.0
30.0,-57.69,-519506.0,334.0
30.0,-57.69,-519555.0,334.0
30.0,-57.69,-519944.0,335.0
30.0,-57.69,-519791.0,335.0
30.0,-57.69,-519024.0,334.0
30.0,-57.69,-518663.0,335.0
30.0,-57.69,-518890.0,334.0
30.0,-57.69,-520095.0,335.0
30.0,-57.69,-520034.0,335.0
30.0,-57.69,-519899.0,334.0
30.0,-57.69,-521090.0,335.0
30.0,-57.69,-520671.0,334.0
30.0,-57.69,-520942.0,335.0
30.0,-57.69,-520451.0,334.0
30.0,-57.69,-521074.0,334.0
40.0,-43.38,-392895.0,381.0
40.0,-43.38,-393252.0,382.0
40.0,-43.38,-392835.0,382.0
40.0,-43.38,-393108.0,382.0
40.0,-43.38,-392883.0,382.0
40.0,-43.38,-390704.0,382.0
40.0,-43.38,-391137.0,382.0
40.0,-43.31,-391032.0,382.0
40.0,-43.31,-390891.0,382.0
40.0,-43.31,-391646.0,382.0
40.0,-43.31,-390623.0,382.0
40.0,-43.31,-389732.0,382.0
40.0,-43.31,-390627.0,382.0
40.0,-43.31,-390822.0,382.0
40.0,-43.31,-390361.0,382.0
40.0,-43.31,-389934.0,382.0
40.0,-43.31,-389789.0,382.0
40.0,-43.31,-390092.0,382.0
40.0,-43.31,-389597.0,382.0
40.0,-43.31,-389890.0,382.0
40.0,-43.31,-390501.0,382.0
40.0,-43.31,-390670.0,382.0
40.0,-43.31,-390113.0,382.0
40.0,-43.31,-390180.0,382.0
40.0,-43.31,-389841.0,382.0
40.0,-43.31,-390326.0,382.0
40.0,-43.31,-390005.0,382.0
40.0,-43.31,-389016.0,382.0
40.0,-43.31,-389169.0,382.0
40.0,-43.31,-389162.0,382.0
40.0,-43.31,-389579.0,382.0
40.0,-43.31,-389408.0,382.0
40.0,-43.31,-389203.0,382.0
40.0,-43.31,-389796.0,382.0
40.0,-43.31,-389903.0,382.0
40.0,-43.31,-390410.0,382.0
40.0,-43.31,-390803.0,383.0
40.0,-43.31,-391952.0,382.0
40.0,-43.31,-391569.0,382.0
40.0,-43.31,-391770.0,382.0
40.0,-43.31,-391871.0,382.0
40.0,-43.31,-391620.0,382.0
40.0,-43.31,-392271.0,382.0
40.0,-43.31,-392298.0,382.0
40.0,-43.31,-392619.0,382.0
40.0,-43.31,-393388.0,382.0
40.0,-43.31,-393623.0,382.0
40.0,-43.31,-393024.0,383.0
40.0,-43.31,-393117.0,382.0
40.0,-43.31,-393578.0,382.0
50.0,-29.44,-277617.0,427.0
50.0,-29.5,-277206.0,428.0
50.0,-29.5,-276433.0,428.0
50.0,-29.56,-275710.0,428.0
50.0,-29.62,-275765.0,427.0
50.0,-29.62,-276116.0,427.0
50.0,-29.62,-275407.0,428.0
50.0,-29.62,-274664.0,428.0
50.0,-29.62,-275339.0,428.0
50.0,-29.62,-275798.0,427.0
50.0,-29.62,-274971.0,428.0
50.0,-29.62,-274848.0,428.0
50.0,-29.62,-275021.0,428.0
50.0,-29.62,-275366.0,428.0
50.0,-29.62,-274287.0,427.0
50.0,-29.62,-273736.0,428.0
50.0,-29.62,-273003.0,427.0
50.0,-29.62,-273602.0,428.0
50.0,-29.62,-273133.0,428.0
50.0,-29.62,-273634.0,428.0
50.0,-29.62,-274913.0,428.0
50.0,-29.62,-274456.0,428.0
50.0,-29.62,-272503.0,428.0
50.0,-29.62,-272574.0,428.0
50.0,-29.62,-273793.0,428.0
50.0,-29.62,-273414.0,427.0
50.0,-29.62,-273751.0,428.0
50.0,-29.62,-273394.0,428.0
50.0,-29.62,-272589.0,427.0
50.0,-29.62,-273550.0,428.0
50.0,-29.62,-274053.0,427.0
50.0,-29.62,-273902.0,428.0
50.0,-29.62,-273087.0,427.0
50.0,-29.62,-273252.0,427.0
50.0,-29.62,-272781.0,428.0
50.0,-29.62,-272104.0,428.0
50.0,-29.62,-271959.0,428.0
50.0,-29.62,-272134.0,428.0
50.0,-29.62,-272087.0,428.0
50.0,-29.62,-272708.0,428.0
50.0,-29.62,-272419.0,428.0
50.0,-29.62,-274324.0,428.0
50.0,-29.62,-275369.0,428.0
50.0,-29.62,-275296.0,428.0
50.0,-29.62,-274737.0,427.0
50.0,-29.62,-271780.0,427.0
50.0,-29.62,-270935.0,428.0
50.0,-29.62,-269952.0,428.0
50.0,-29.62,-269477.0,428.0
50.0,-29.62,-269600.0,427.0
60.0,-15.31,-131049.0,473.0
60.0,-15.38,-131406.0,474.0
60.0,-15.44,-130415.0,474.0
60.0,-15.44,-129958.0,473.0
60.0,-15.5,-130807.0,474.0
60.0,-15.5,-131108.0,473.0
60.0,-15.5,-130661.0,474.0
60.0,-15.5,-130574.0,480.0
60.0,-13.75,-130967.0,477.0
60.0,-14.06,-123660.0,478.0
60.0,-14.06,-123585.0,478.0
60.0,-14.06,-122600.0,478.0
60.0,-14.06,-122617.0,478.0
60.0,-14.06,-122770.0,479.0
60.0,-14.06,-122803.0,478.0
60.0,-14.06,-121228.0,478.0
60.0,-14.06,-121355.0,478.0
60.0,-14.06,-121540.0,478.0
60.0,-14.06,-121507.0,478.0
60.0,-14.06,-121514.0,478.0
60.0,-14.06,-121381.0,478.0
60.0,-14.06,-120630.0,478.0
60.0,-14.06,-121157.0,478.0
60.0,-14.06,-120980.0,478.0
60.0,-14.06,-121491.0,478.0
60.0,-14.06,-122012.0,478.0
60.0,-14.06,-121605.0,478.0
60.0,-14.06,-121984.0,478.0
60.0,-14.06,-121615.0,478.0
60.0,-14.06,-121270.0,478.0
60.0,-14.06,-122379.0,478.0
60.0,-14.06,-123036.0,478.0
60.0,-14.06,-123633.0,478.0
60.0,-14.06,-122710.0,478.0
60.0,-14.06,-122337.0,478.0
60.0,-14.06,-122442.0,478.0
60.0,-14.06,-121967.0,478.0
60.0,-14.06,-122698.0,478.0
60.0,-14.06,-123347.0,478.0
60.0,-14.06,-123066.0,478.0
60.0,-14.06,-123513.0,478.0
60.0,-14.06,-123514.0,478.0
60.0,-14.06,-123343.0,479.0
60.0,-14.06,-123100.0,478.0
60.0,-14.06,-123743.0,479.0
60.0,-14.06,-122744.0,478.0
60.0,-14.06,-123611.0,478.0
60.0,-14.06,-124808.0,478.0
60.0,-14.06,-125107.0,478.0
60.0,-14.06,-125688.0,478.0
70.0,-2.06,-27773.0,516.0
70.0,-2.13,-25802.0,517.0
70.0,-2.13,-25123.0,516.0
70.0,-2.19,-24744.0,516.0
70.0,-2.19,-24923.0,517.0
70.0,-2.19,-24872.0,516.0
70.0,-2.19,-24437.0,517.0
70.0,-2.19,-25028.0,516.0
70.0,-2.19,-25791.0,516.0
70.0,-2.19,-25254.0,517.0
70.0,-2.19,-25685.0,517.0
70.0,-2.19,-25670.0,516.0
70.0,-2.19,-24557.0,516.0
70.0,-2.19,-24388.0,516.0
70.0,-2.19,-23827.0,516.0
70.0,-2.19,-23626.0,516.0
70.0,-2.19,-23141.0,516.0
70.0,-2.19,-22498.0,517.0
70.0,-2.19,-21237.0,516.0
70.0,-2.19,-20920.0,516.0
70.0,-2.19,-21599.0,516.0
70.0,-2.19,-22540.0,516.0
70.0,-2.19,-22625.0,517.0
70.0,-2.19,-21596.0,516.0
70.0,-2.19,-22021.0,516.0
70.0,-2.19,-22170.0,516.0
70.0,-2.19,-22927.0,516.0
70.0,-2.19,-21822.0,517.0
70.0,-2.19,-21419.0,516.0
70.0,-2.19,-21914.0,517.0
70.0,-2.19,-22063.0,516.0
70.0,-2.19,-21868.0,517.0
70.0,-2.19,-22929.0,516.0
70.0,-2.19,-22782.0,517.0
70.0,-2.19,-23777.0,516.0
70.0,-2.19,-23692.0,516.0
70.0,-2.19,-23313.0,516.0
70.0,-2.19,-23844.0,516.0
70.0,-2.19,-25287.0,516.0
70.0,-2.19,-25318.0,516.0
70.0,-2.19,-25079.0,516.0
70.0,-2.19,-25204.0,516.0
70.0,-2.19,-27273.0,516.0
70.0,-2.19,-27058.0,517.0
70.0,-2.19,-26213.0,516.0
70.0,-2.19,-26898.0,517.0
70.0,-2.19,-27703.0,517.0
70.0,-2.19,-27480.0,516.0
70.0,-2.19,-27751.0,516.0
70.0,-2.19,-28100.0,516.0
70.0,-2.19,-28831.0,517.0
70.0,-2.19,-29284.0,517.0
70.0,-2.19,-29369.0,516.0
70.0,-2.19,-29638.0,516.0
70.0,-2.19,-29899.0,516.0
70.0,-2.19,-29064.0,516.0
70.0,-2.19,-29535.0,516.0
70.0,-2.19,-29776.0,517.0
70.0,-2.19,-30077.0,516.0
70.0,-2.19,-29000.0,516.0
70.0,-2.19,-29071.0,517.0
70.0,-2.19,-28702.0,516.0
70.0,-2.19,-29181.0,519.0
70.0,-1.31,-28674.0,519.0
70.0,-1.31,-24517.0,519.0
70.0,-1.31,-24004.0,519.0
70.0,-1.31,-24065.0,519.0
70.0,-1.31,-24408.0,519.0
70.0,-1.31,-23539.0,520.0
70.0,-1.37,-24094.0,519.0
70.0,-1.44,-23323.0,519.0
70.0,-1.44,-23494.0,519.0
70.0,-1.5,-23071.0,520.0
70.0,-1.56,-23014.0,519.0
70.0,-1.56,-23043.0,519.0
70.0,-1.63,-23452.0,519.0
70.0,-1.63,-22711.0,519.0
70.0,-1.63,-21212.0,519.0
70.0,-1.63,-21009.0,520.0
70.0,-1.63,-20532.0,519.0
70.0,-1.63,-19423.0,519.0
70.0,-1.63,-19972.0,520.0
70.0,-1.63,-20841.0,520.0
70.0,-1.63,-21400.0,520.0
70.0,-1.63,-22333.0,519.0
70.0,-1.63,-22550.0,519.0
70.0,-1.63,-23747.0,519.0
70.0,-1.63,-23138.0,520.0
70.0,-1.63,-23123.0,519.0
70.0,-1.63,-23712.0,520.0
70.0,-1.63,-24027.0,519.0
70.0,-1.63,-24954.0,519.0
70.0,-1.63,-23911.0,519.0
70.0,-1.63,-23768.0,519.0
70.0,-1.63,-24735.0,520.0
70.0,-1.63,-24814.0,519.0
70.0,-1.63,-23975.0,519.0
70.0,-1.63,-23434.0,519.0
70.0,-1.63,-23861.0,519.0
70.0,-1.63,-23464.0,519.0
70.0,-1.63,-24253.0,520.0
70.0,-1.63,-24334.0,519.0
70.0,-1.63,-22501.0,520.0
70.0,-1.63,-21906.0,520.0
70.0,-1.63,-22763.0,519.0
70.0,-1.63,-23520.0,520.0
70.0,-1.63,-23017.0,519.0
70.0,-1.63,-22774.0,519.0
70.0,-1.63,-22835.0,519.0
70.0,-1.63,-23718.0,519.0
70.0,-1.63,-23795.0,519.0
70.0,-1.63,-24172.0,519.0
70.0,-1.63,-24083.0,519.0
70.0,-1.63,-25506.0,519.0
70.0,-1.63,-25233.0,519.0
70.0,-1.63,-24412.0,520.0
60.0,-14.31,-100165.0,478.0
60.0,-14.31,-102720.0,478.0
60.0,-14.31,-103421.0,478.0
60.0,-14.31,-105102.0,478.0
60.0,-14.31,-106143.0,479.0
60.0,-14.31,-106834.0,478.0
60.0,-14.31,-106965.0,478.0
60.0,-14.31,-106928.0,478.0
60.0,-14.31,-105647.0,479.0
60.0,-14.31,-105790.0,479.0
60.0,-14.31,-106799.0,479.0
60.0,-14.31,-107172.0,478.0
60.0,-14.31,-106747.0,479.0
60.0,-14.31,-105688.0,478.0
60.0,-14.31,-106307.0,478.0
60.0,-14.31,-106096.0,479.0
60.0,-14.31,-107073.0,479.0
60.0,-14.31,-106826.0,479.0
60.0,-14.31,-106395.0,479.0
60.0,-14.31,-105690.0,478.0
60.0,-14.31,-106037.0,479.0
60.0,-14.31,-107032.0,478.0
60.0,-14.31,-107689.0,478.0
60.0,-14.31,-107212.0,479.0
60.0,-14.31,-106805.0,479.0
60.0,-14.31,-105640.0,478.0
60.0,-14.31,-105211.0,479.0
60.0,-14.31,-105974.0,478.0
60.0,-14.31,-106381.0,478.0
60.0,-14.31,-107094.0,478.0
60.0,-14.31,-106849.0,479.0
60.0,-14.31,-108176.0,479.0
60.0,-14.31,-108407.0,478.0
60.0,-14.31,-107874.0,478.0
50.0,-28.5,-235041.0,434.0
50.0,-28.5,-233698.0,434.0
50.0,-28.5,-232307.0,434.0
50.0,-28.5,-232206.0,433.0
50.0,-28.5,-231921.0,434.0
50.0,-28.5,-231634.0,434.0
50.0,-28.5,-232465.0,434.0
50.0,-28.5,-232170.0,434.0
50.0,-28.5,-231999.0,434.0
50.0,-28.5,-232180.0,434.0
50.0,-28.5,-232099.0,433.0
50.0,-28.5,-233148.0,433.0
50.0,-28.5,-233523.0,434.0
50.0,-28.5,-233968.0,434.0
50.0,-28.5,-233323.0,434.0
50.0,-28.5,-233218.0,434.0
50.0,-28.5,-232059.0,434.0
50.0,-28.5,-231174.0,434.0
50.0,-28.5,-231085.0,433.0
50.0,-28.5,-230792.0,434.0
50.0,-28.5,-230931.0,434.0
50.0,-28.5,-231492.0,434.0
50.0,-28.5,-231149.0,434.0
50.0,-28.5,-231818.0,433.0
50.0,-28.5,-232047.0,434.0
50.0,-28.5,-231820.0,434.0
50.0,-28.5,-231281.0,434.0
50.0,-28.5,-231116.0,434.0
50.0,-28.5,-230609.0,433.0
50.0,-28.5,-230048.0,434.0
50.0,-28.5,-229623.0,434.0
50.0,-28.5,-229910.0,433.0
50.0,-28.5,-230259.0,434.0
50.0,-28.5,-231162.0,434.0
50.0,-28.5,-231493.0,434.0
50.0,-28.5,-231218.0,434.0
50.0,-28.5,-230817.0,434.0
50.0,-28.5,-230286.0,434.0
50.0,-28.5,-229041.0,434.0
50.0,-28.5,-228430.0,433.0
50.0,-28.5,-227723.0,433.0
50.0,-28.5,-228456.0,434.0
50.0,-28.5,-230033.0,434.0
50.0,-28.5,-229980.0,434.0
50.0,-28.5,-231017.0,434.0
50.0,-28.5,-231000.0,434.0
50.0,-28.5,-230383.0,434.0
50.0,-28.5,-229590.0,434.0
50.0,-28.5,-229565.0,434.0
50.0,-28.5,-230734.0,433.0
40.0,-43.38,-365843.0,386.0
40.0,-43.38,-366530.0,386.0
40.0,-43.38,-365997.0,386.0
40.0,-43.38,-365774.0,386.0
40.0,-43.38,-365399.0,386.0
40.0,-43.38,-365122.0,386.0
40.0,-43.38,-364843.0,386.0
40.0,-43.38,-365178.0,386.0
40.0,-43.38,-364883.0,385.0
40.0,-43.38,-364886.0,386.0
40.0,-43.38,-364947.0,386.0
40.0,-43.38,-364530.0,386.0
40.0,-43.38,-364547.0,385.0
40.0,-43.38,-363654.0,386.0
40.0,-43.38,-363523.0,386.0
40.0,-43.38,-364624.0,386.0
40.0,-43.38,-364575.0,386.0
40.0,-43.38,-364008.0,386.0
40.0,-43.38,-363549.0,385.0
40.0,-43.38,-364202.0,386.0
40.0,-43.38,-364327.0,385.0
40.0,-43.38,-364754.0,385.0
40.0,-43.38,-363599.0,385.0
40.0,-43.38,-364270.0,386.0
40.0,-43.38,-364211.0,385.0
40.0,-43.38,-362760.0,386.0
40.0,-43.38,-362863.0,386.0
40.0,-43.38,-363024.0,386.0
40.0,-43.38,-362949.0,386.0
40.0,-43.38,-363574.0,386.0
40.0,-43.38,-363707.0,386.0
40.0,-43.38,-364310.0,386.0
40.0,-43.38,-364573.0,385.0
40.0,-43.38,-364176.0,385.0
40.0,-43.38,-365189.0,386.0
40.0,-43.38,-365142.0,386.0
40.0,-43.38,-364747.0,386.0
40.0,-43.38,-364816.0,386.0
40.0,-43.38,-363787.0,386.0
40.0,-43.38,-363748.0,386.0
40.0,-43.38,-364039.0,386.0
40.0,-43.38,-364088.0,386.0
40.0,-43.38,-363291.0,385.0
40.0,-43.38,-362118.0,386.0
40.0,-43.38,-361531.0,386.0
40.0,-43.38,-360512.0,386.0
40.0,-43.38,-360065.0,386.0
40.0,-43.38,-360198.0,385.0
40.0,-43.38,-360427.0,386.0
40.0,-43.38,-359946.0,386.0
30.0,-58.13,-509701.0,337.0
30.0,-58.13,-509136.0,337.0
30.0,-58.13,-509571.0,337.0
30.0,-58.13,-509878.0,337.0
30.0,-58.13,-509683.0,337.0
30.0,-58.13,-509814.0,337.0
30.0,-58.13,-509909.0,337.0
30.0,-58.13,-509676.0,337.0
30.0,-58.13,-508685.0,337.0
30.0,-58.13,-508010.0,337.0
30.0,-58.13,-508267.0,338.0
30.0,-58.13,-508150.0,337.0
30.0,-58.13,-507979.0,337.0
30.0,-58.13,-508018.0,337.0
30.0,-58.13,-507749.0,337.0
30.0,-58.13,-508236.0,337.0
30.0,-58.13,-508669.0,337.0
30.0,-58.13,-509448.0,337.0
30.0,-58.13,-508691.0,336.0
30.0,-58.13,-508660.0,337.0
30.0,-58.13,-508735.0,337.0
30.0,-58.13,-508530.0,337.0
30.0,-58.13,-508281.0,337.0
30.0,-58.13,-508172.0,337.0
30.0,-58.13,-507371.0,337.0
30.0,-58.13,-508088.0,337.0
30.0,-58.13,-510005.0,337.0
30.0,-58.13,-510344.0,337.0
30.0,-58.13,-509121.0,337.0
30.0,-58.13,-508942.0,337.0
30.0,-58.13,-509501.0,337.0
30.0,-58.13,-510576.0,337.0
30.0,-58.13,-510347.0,337.0
30.0,-58.13,-509940.0,337.0
30.0,-58.13,-509697.0,337.0
30.0,-58.13,-508480.0,337.0
30.0,-58.13,-508603.0,337.0
30.0,-58.13,-508610.0,337.0
30.0,-58.13,-508565.0,337.0
30.0,-58.13,-508336.0,337.0
30.0,-58.13,-507991.0,337.0
30.0,-58.13,-507984.0,337.0
30.0,-58.13,-508065.0,337.0
30.0,-58.13,-508750.0,337.0
30.0,-58.13,-509181.0,337.0
30.0,-58.13,-509978.0,337.0
30.0,-58.13,-508549.0,337.0
30.0,-58.13,-508774.0,337.0
30.0,-58.13,-508417.0,337.0
30.0,-58.13,-507760.0,337.0
20.0,-72.0,-677975.0,291.0
20.0,-72.0,-678292.0,290.0
20.0,-72.0,-679567.0,291.0
20.0,-72.0,-680228.0,290.0
20.0,-72.0,-679739.0,291.0
20.0,-72.0,-680266.0,291.0
20.0,-72.0,-680171.0,290.0
20.0,-72.0,-680208.0,291.0
20.0,-72.0,-679451.0,291.0
20.0,-72.0,-677854.0,291.0
20.0,-72.0,-678397.0,290.0
20.0,-72.0,-678198.0,291.0
20.0,-72.0,-679821.0,290.0
20.0,-72.0,-679584.0,291.0
20.0,-72.0,-680069.0,291.0
20.0,-72.0,-680946.0,291.0
20.0,-72.0,-680695.0,291.0
20.0,-72.0,-680738.0,291.0
20.0,-72.0,-680457.0,291.0
20.0,-72.0,-680532.0,291.0
20.0,-72.0,-679467.0,290.0
20.0,-72.0,-679202.0,291.0
20.0,-72.0,-679609.0,291.0
20.0,-72.0,-680362.0,290.0
20.0,-72.0,-679311.0,291.0
20.0,-72.0,-680064.0,290.0
20.0,-72.0,-680389.0,291.0
20.0,-72.0,-680876.0,290.0
20.0,-72.0,-680843.0,291.0
20.0,-72.0,-680802.0,291.0
20.0,-72.0,-680421.0,291.0
20.0,-72.0,-680886.0,291.0
20.0,-72.0,-681235.0,291.0
20.0,-72.0,-681846.0,290.0
20.0,-72.0,-682093.0,291.0
20.0,-72.0,-681268.0,291.0
20.0,-72.0,-681627.0,291.0
20.0,-72.0,-681718.0,290.0
20.0,-72.0,-681735.0,291.0
20.0,-72.0,-681798.0,291.0
20.0,-72.0,-682321.0,291.0
20.0,-72.0,-681674.0,291.0
20.0,-72.0,-681951.0,291.0
20.0,-72.0,-682910.0,291.0
20.0,-72.0,-683255.0,291.0
20.0,-72.0,-683110.0,291.0
20.0,-72.0,-682763.0,291.0
20.0,-72.0,-682572.0,291.0
20.0,-72.0,-682259.0,290.0
20.0,-72.0,-682062.0,291.0
10.0,-84.62,-940667.0,245.0
10.0,-84.62,-943472.0,245.0
10.0,-84.62,-944521.0,245.0
10.0,-84.62,-945140.0,246.0
10.0,-84.62,-946189.0,245.0
10.0,-84.62,-947264.0,246.0
10.0,-84.62,-948693.0,246.0
10.0,-84.62,-949810.0,245.0
10.0,-84.62,-951431.0,245.0
10.0,-84.62,-950986.0,246.0
10.0,-84.62,-948707.0,245.0
10.0,-84.62,-949166.0,245.0
10.0,-84.62,-951195.0,245.0
10.0,-84.62,-952136.0,245.0
10.0,-84.62,-954157.0,245.0
10.0,-84.62,-954194.0,246.0
10.0,-84.62,-953701.0,245.0
10.0,-84.62,-954412.0,245.0
10.0,-84.62,-954735.0,245.0
10.0,-84.62,-954340.0,245.0
10.0,-84.62,-954837.0,245.0
10.0,-84.62,-954290.0,245.0
10.0,-84.62,-955181.0,245.0
10.0,-84.62,-955692.0,245.0
10.0,-84.62,-955569.0,245.0
10.0,-84.62,-956424.0,245.0
10.0,-84.62,-956433.0,246.0
10.0,-84.62,-956630.0,245.0
10.0,-84.62,-956735.0,245.0
10.0,-84.62,-957702.0,245.0
10.0,-84.62,-958309.0,245.0
10.0,-84.62,-959266.0,245.0
10.0,-84.62,-959105.0,245.0
10.0,-84.62,-958762.0,245.0
10.0,-84.62,-958115.0,246.0
10.0,-84.62,-958216.0,245.0
10.0,-84.62,-957759.0,245.0
10.0,-84.62,-959118.0,245.0
10.0,-84.62,-960423.0,245.0
10.0,-84.62,-960420.0,246.0
10.0,-84.62,-960341.0,246.0
10.0,-84.62,-960974.0,245.0
10.0,-84.62,-960835.0,245.0
10.0,-84.62,-960530.0,245.0
10.0,-84.62,-960787.0,245.0
10.0,-84.62,-960614.0,245.0
10.0,-84.62,-961149.0,245.0
10.0,-84.62,-961986.0,245.0
10.0,-84.62,-963061.0,245.0
10.0,-84.62,-963066.0,245.0
20.0,-72.81,-720689.0,289.0
20.0,-72.81,-720744.0,288.0
20.0,-72.75,-720641.0,289.0
20.0,-72.75,-720422.0,289.0
20.0,-72.69,-720255.0,290.0
20.0,-72.69,-720854.0,289.0
20.0,-72.69,-721091.0,289.0
20.0,-72.69,-720966.0,289.0
20.0,-72.69,-721805.0,289.0
20.0,-72.69,-721998.0,289.0
20.0,-72.69,-722859.0,289.0
20.0,-72.69,-723350.0,289.0
20.0,-72.69,-723545.0,289.0
20.0,-72.69,-723538.0,289.0
20.0,-72.69,-723215.0,289.0
20.0,-72.69,-722944.0,289.0
20.0,-72.69,-723505.0,289.0
20.0,-72.69,-722970.0,288.0
20.0,-72.69,-721339.0,289.0
20.0,-72.69,-720670.0,289.0
20.0,-72.69,-719393.0,289.0
20.0,-72.69,-719338.0,288.0
20.0,-72.69,-719907.0,290.0
20.0,-72.69,-720094.0,289.0
20.0,-72.69,-721477.0,289.0
20.0,-72.69,-720998.0,289.0
20.0,-72.69,-721267.0,289.0
20.0,-72.69,-721556.0,289.0
20.0,-72.69,-721765.0,289.0
20.0,-72.69,-722310.0,289.0
20.0,-72.69,-722489.0,289.0
20.0,-72.69,-722880.0,289.0
20.0,-72.69,-722659.0,290.0
20.0,-72.69,-722524.0,289.0
20.0,-72.69,-722237.0,289.0
20.0,-72.69,-722512.0,289.0
20.0,-72.69,-721637.0,289.0
20.0,-72.69,-721778.0,289.0
20.0,-72.69,-721081.0,289.0
20.0,-72.69,-721012.0,289.0
20.0,-72.69,-721571.0,289.0
20.0,-72.69,-721196.0,289.0
20.0,-72.69,-720627.0,289.0
20.0,-72.69,-721116.0,289.0
20.0,-72.75,-721485.0,289.0
20.0,-72.69,-721742.0,289.0
20.0,-72.69,-721291.0,288.0
20.0,-72.69,-720856.0,289.0
20.0,-72.69,-720819.0,289.0
20.0,-72.69,-720384.0,289.0
30.0,-58.88,-548401.0,335.0
30.0,-58.88,-548126.0,335.0
30.0,-58.88,-549521.0,335.0
30.0,-58.88,-550188.0,335.0
30.0,-58.88,-550707.0,334.0
30.0,-58.88,-550630.0,336.0
30.0,-58.88,-550195.0,335.0
30.0,-58.88,-549528.0,335.0
30.0,-58.88,-550283.0,336.0
30.0,-58.88,-550550.0,335.0
30.0,-58.88,-550703.0,335.0
30.0,-58.88,-551586.0,335.0
30.0,-58.88,-552155.0,335.0
30.0,-58.88,-552502.0,335.0
30.0,-58.88,-552651.0,335.0
30.0,-58.88,-550718.0,335.0
30.0,-58.88,-551091.0,335.0
30.0,-58.88,-551214.0,335.0
30.0,-58.88,-552035.0,335.0
30.0,-58.88,-551920.0,334.0
30.0,-58.88,-550805.0,335.0
30.0,-58.88,-550662.0,335.0
30.0,-58.88,-551595.0,335.0
30.0,-58.88,-551918.0,335.0
30.0,-58.88,-552005.0,335.0
30.0,-58.88,-552354.0,335.0
30.0,-58.88,-551777.0,335.0
30.0,-58.88,-551650.0,335.0
30.0,-58.88,-552067.0,335.0
30.0,-58.88,-551998.0,335.0
30.0,-58.88,-552773.0,335.0
30.0,-58.88,-552778.0,335.0
30.0,-58.88,-552255.0,335.0
30.0,-58.88,-552988.0,335.0
30.0,-58.88,-553265.0,335.0
30.0,-58.88,-552590.0,334.0
30.0,-58.88,-552569.0,335.0
30.0,-58.88,-553482.0,335.0
30.0,-58.88,-552901.0,335.0
30.0,-58.88,-551610.0,334.0
30.0,-58.88,-551763.0,334.0
30.0,-58.88,-552270.0,335.0
30.0,-58.88,-551875.0,335.0
30.0,-58.88,-552420.0,335.0
30.0,-58.88,-552747.0,335.0
30.0,-58.88,-552678.0,335.0
30.0,-58.88,-553117.0,335.0
30.0,-58.88,-553732.0,335.0
30.0,-58.88,-553423.0,335.0
30.0,-58.88,-553088.0,335.0
40.0,-44.75,-437797.0,382.0
40.0,-44.75,-437890.0,381.0
40.0,-44.75,-436919.0,381.0
40.0,-44.75,-436796.0,382.0
40.0,-44.75,-436937.0,382.0
40.0,-44.75,-437226.0,382.0
40.0,-44.75,-436293.0,382.0
40.0,-44.75,-435532.0,381.0
40.0,-44.75,-435735.0,382.0
40.0,-44.75,-434972.0,382.0
40.0,-44.75,-435121.0,382.0
40.0,-44.75,-435618.0,382.0
40.0,-44.75,-435947.0,382.0
40.0,-44.75,-436344.0,382.0
40.0,-44.75,-436289.0,381.0
40.0,-44.75,-435946.0,381.0
40.0,-44.75,-436091.0,382.0
40.0,-44.75,-436376.0,382.0
40.0,-44.75,-436319.0,382.0
40.0,-44.75,-436390.0,381.0
40.0,-44.75,-436561.0,381.0
40.0,-44.75,-435654.0,382.0
40.0,-44.63,-435217.0,382.0
40.0,-44.63,-435992.0,382.0
40.0,-44.63,-435231.0,382.0
40.0,-44.63,-435264.0,382.0
40.0,-44.63,-435467.0,382.0
40.0,-44.63,-435836.0,382.0
40.0,-44.63,-435767.0,382.0
40.0,-44.63,-435282.0,382.0
40.0,-44.63,-435473.0,382.0
40.0,-44.63,-436100.0,382.0
40.0,-44.63,-435867.0,382.0
40.0,-44.63,-435870.0,382.0
40.0,-44.63,-435861.0,383.0
40.0,-44.63,-435538.0,382.0
40.0,-44.63,-436289.0,382.0
40.0,-44.63,-437424.0,382.0
40.0,-44.63,-437897.0,382.0
40.0,-44.63,-437430.0,382.0
40.0,-44.63,-435709.0,382.0
40.0,-44.63,-437174.0,382.0
40.0,-44.63,-437479.0,382.0
40.0,-44.63,-437310.0,382.0
40.0,-44.63,-437903.0,382.0
40.0,-44.63,-436600.0,382.0
40.0,-44.63,-436595.0,382.0
40.0,-44.63,-436310.0,382.0
40.0,-44.63,-436409.0,382.0
40.0,-44.63,-435250.0,382.0
50.0,-30.56,-321525.0,427.0
50.0,-30.56,-321494.0,428.0
50.0,-30.56,-321559.0,428.0
50.0,-30.56,-321006.0,427.0
50.0,-30.56,-320513.0,428.0
50.0,-30.56,-320882.0,428.0
50.0,-30.56,-321019.0,427.0
50.0,-30.56,-320840.0,428.0
50.0,-30.56,-320647.0,428.0
50.0,-30.56,-320086.0,427.0
50.0,-30.56,-318661.0,436.0
50.0,-28.25,-318700.0,434.0
50.0,-28.75,-301851.0,433.0
50.0,-28.75,-302456.0,433.0
50.0,-28.75,-302071.0,434.0
50.0,-28.75,-302250.0,434.0
50.0,-28.75,-302561.0,433.0
50.0,-28.75,-302918.0,433.0
50.0,-28.75,-302419.0,434.0
50.0,-28.75,-301838.0,434.0
50.0,-28.75,-301813.0,434.0
50.0,-28.75,-301438.0,433.0
50.0,-28.75,-301761.0,433.0
50.0,-28.75,-301974.0,433.0
50.0,-28.75,-301813.0,434.0
50.0,-28.75,-301956.0,434.0
50.0,-28.75,-302165.0,434.0
50.0,-28.75,-302468.0,434.0
50.0,-28.75,-302623.0,434.0
50.0,-28.75,-302704.0,434.0
50.0,-28.75,-302625.0,434.0
50.0,-28.75,-303314.0,433.0
50.0,-28.75,-303155.0,433.0
50.0,-28.75,-302444.0,433.0
50.0,-28.75,-302337.0,434.0
50.0,-28.75,-302334.0,434.0
50.0,-28.75,-302717.0,433.0
50.0,-28.75,-302366.0,433.0
50.0,-28.75,-301811.0,434.0
50.0,-28.75,-301356.0,433.0
50.0,-28.75,-301223.0,433.0
50.0,-28.75,-301536.0,433.0
50.0,-28.75,-301977.0,434.0
50.0,-28.75,-302020.0,433.0
50.0,-28.75,-301487.0,434.0
50.0,-28.75,-301424.0,433.0
50.0,-28.75,-300923.0,434.0
50.0,-28.75,-301132.0,434.0
50.0,-28.75,-301795.0,434.0
50.0,-28.75,-302614.0,433.0
60.0,-16.06,-175231.0,474.0
60.0,-16.06,-175192.0,474.0
60.0,-16.06,-174419.0,473.0
60.0,-16.06,-174618.0,473.0
60.0,-16.06,-174607.0,474.0
60.0,-16.06,-174316.0,474.0
60.0,-16.06,-175071.0,474.0
60.0,-16.06,-175426.0,473.0
60.0,-16.06,-175439.0,474.0
60.0,-16.06,-175658.0,474.0
60.0,-16.06,-176075.0,473.0
60.0,-16.06,-176322.0,474.0
60.0,-16.06,-176311.0,474.0
60.0,-16.06,-175236.0,477.0
60.0,-15.06,-174847.0,477.0
60.0,-15.06,-174698.0,477.0
60.0,-15.06,-173541.0,476.0
60.0,-15.06,-173016.0,477.0
60.0,-15.06,-172519.0,477.0
60.0,-15.06,-171884.0,477.0
60.0,-15.06,-171955.0,478.0
60.0,-15.06,-172174.0,477.0
60.0,-15.06,-171541.0,476.0
60.0,-15.06,-170676.0,477.0
60.0,-15.06,-169965.0,476.0
60.0,-15.06,-170064.0,477.0
60.0,-15.06,-170599.0,477.0
60.0,-15.06,-169604.0,476.0
60.0,-15.06,-169767.0,477.0
60.0,-15.06,-169550.0,477.0
60.0,-15.06,-169829.0,477.0
60.0,-15.06,-170188.0,477.0
60.0,-15.06,-170013.0,476.0
60.0,-15.06,-170094.0,477.0
60.0,-15.06,-169747.0,477.0
60.0,-15.06,-171036.0,477.0
60.0,-15.06,-170703.0,476.0
60.0,-15.06,-169368.0,477.0
60.0,-15.06,-169565.0,477.0
60.0,-15.06,-170618.0,477.0
60.0,-15.06,-170347.0,477.0
60.0,-15.06,-170634.0,477.0
60.0,-15.06,-169679.0,477.0
60.0,-15.06,-169786.0,477.0
60.0,-15.06,-170255.0,477.0
60.0,-15.06,-170454.0,476.0
60.0,-15.06,-171029.0,477.0
60.0,-15.06,-171292.0,476.0
60.0,-15.06,-170713.0,477.0
60.0,-15.06,-170510.0,477.0
70.0,-2.88,-56365.0,515.0
70.0,-2.88,-55562.0,516.0
70.0,-2.94,-54975.0,516.0
70.0,-3.0,-54642.0,516.0
70.0,-3.0,-54783.0,516.0
70.0,-3.0,-55180.0,516.0
70.0,-3.0,-55029.0,516.0
70.0,-3.0,-54230.0,516.0
70.0,-3.0,-54123.0,516.0
70.0,-3.0,-55156.0,516.0
70.0,-3.0,-55109.0,516.0
70.0,-3.0,-54404.0,516.0
70.0,-3.0,-54457.0,516.0
70.0,-3.0,-55408.0,516.0
70.0,-3.0,-56031.0,516.0
70.0,-3.0,-55844.0,516.0
70.0,-3.0,-55071.0,515.0
70.0,-3.0,-55118.0,515.0
70.0,-3.0,-55285.0,515.0
70.0,-3.0,-54988.0,516.0
70.0,-3.0,-55637.0,516.0
70.0,-3.0,-55118.0,516.0
70.0,-3.0,-54843.0,516.0
70.0,-3.0,-54216.0,516.0
70.0,-3.0,-54073.0,516.0
70.0,-3.0,-54886.0,516.0
70.0,-3.0,-55199.0,516.0
70.0,-3.0,-55310.0,515.0
70.0,-3.0,-55773.0,516.0
70.0,-3.0,-54504.0,515.0
70.0,-3.0,-53911.0,516.0
70.0,-3.0,-53478.0,515.0
70.0,-3.0,-53915.0,516.0
70.0,-3.0,-54470.0,516.0
70.0,-3.0,-54673.0,516.0
70.0,-3.0,-54164.0,516.0
70.0,-3.0,-54267.0,516.0
70.0,-3.0,-54436.0,516.0
70.0,-3.0,-54533.0,515.0
70.0,-3.0,-54388.0,515.0
70.0,-3.0,-54513.0,516.0
70.0,-3.0,-54840.0,516.0
70.0,-3.0,-54845.0,516.0
70.0,-3.0,-55092.0,516.0
70.0,-3.0,-55001.0,516.0
70.0,-3.0,-56978.0,516.0
70.0,-3.0,-56875.0,516.0
70.0,-3.0,-56918.0,517.0
70.0,-3.0,-57491.0,516.0
70.0,-3.0,-57710.0,515.0
70.0,-3.0,-57787.0,516.0
70.0,-3.0,-58700.0,516.0
70.0,-3.0,-58183.0,516.0
70.0,-3.0,-58044.0,516.0
70.0,-3.0,-58835.0,516.0
70.0,-3.0,-59240.0,515.0
70.0,-3.0,-59375.0,516.0
70.0,-3.0,-60238.0,516.0
70.0,-3.0,-60847.0,516.0
70.0,-3.0,-60826.0,516.0
70.0,-3.0,-61363.0,516.0
70.0,-3.0,-61358.0,517.0
70.0,-3.0,-61383.0,516.0
70.0,-3.0,-60940.0,516.0
70.0,-3.0,-60711.0,516.0
70.0,-3.0,-60944.0,516.0
70.0,-3.0,-61571.0,516.0
70.0,-3.0,-60988.0,516.0
70.0,-3.0,-61125.0,516.0
70.0,-3.0,-61860.0,516.0
70.0,-3.0,-61797.0,516.0
70.0,-3.0,-60958.0,516.0
70.0,-3.0,-61611.0,516.0
70.0,-3.0,-61574.0,515.0
70.0,-3.0,-61469.0,516.0
70.0,-3.0,-62354.0,516.0
70.0,-3.0,-62737.0,515.0
70.0,-3.0,-62500.0,517.0
70.0,-3.0,-62679.0,516.0
70.0,-3.0,-62112.0,516.0
70.0,-3.0,-61431.0,516.0
70.0,-3.0,-62080.0,516.0
70.0,-3.0,-62249.0,517.0
70.0,-3.0,-62212.0,516.0
70.0,-3.0,-62695.0,516.0
70.0,-3.0,-63058.0,516.0
70.0,-3.0,-61827.0,516.0
70.0,-3.0,-61608.0,516.0
70.0,-3.0,-62883.0,516.0
70.0,-3.0,-62690.0,516.0
70.0,-3.0,-61917.0,516.0
70.0,-3.0,-61428.0,516.0
70.0,-3.0,-61251.0,516.0
70.0,-3.0,-61482.0,516.0
70.0,-3.0,-60887.0,516.0
70.0,-3.0,-60726.0,516.0
70.0,-3.0,-60787.0,516.0
70.0,-3.0,-60762.0,516.0
70.0,-3.0,-60993.0,516.0
70.0,-3.0,-61732.0,516.0
70.0,-3.0,-61829.0,515.0
70.0,-3.0,-61914.0,516.0
70.0,-3.0,-62311.0,516.0
70.0,-3.0,-61372.0,516.0
70.0,-3.0,-61281.0,516.0
70.0,-3.0,-62510.0,516.0
70.0,-3.0,-62295.0,516.0
70.0,-3.0,-63170.0,516.0
70.0,-3.0,-63405.0,516.0
70.0,-3.0,-64554.0,516.0
70.0,-3.0,-65215.0,515.0
70.0,-3.0,-64378.0,515.0
70.0,-3.0,-63101.0,516.0
70.0,-3.0,-63356.0,516.0
70.0,-3.0,-62587.0,516.0
70.0,-3.0,-61924.0,516.0
60.0,-15.38,-150821.0,478.0
60.0,-15.38,-151700.0,478.0
60.0,-15.38,-153807.0,478.0
60.0,-15.38,-153802.0,478.0
60.0,-15.38,-154741.0,478.0
60.0,-15.38,-155594.0,478.0
60.0,-15.38,-156125.0,478.0
60.0,-15.38,-156596.0,478.0
60.0,-15.38,-157927.0,478.0
60.0,-15.38,-158342.0,478.0
60.0,-15.38,-158833.0,478.0
60.0,-15.38,-159724.0,477.0
60.0,-15.38,-159439.0,478.0
60.0,-15.38,-159208.0,478.0
60.0,-15.38,-158633.0,477.0
60.0,-15.38,-159966.0,478.0
60.0,-15.38,-159429.0,478.0
60.0,-15.38,-160074.0,478.0
60.0,-15.38,-160347.0,478.0
60.0,-15.38,-159322.0,478.0
60.0,-15.38,-159219.0,478.0
60.0,-15.38,-158996.0,478.0
60.0,-15.38,-158757.0,478.0
60.0,-15.38,-159290.0,478.0
60.0,-15.38,-157825.0,478.0
60.0,-15.38,-157752.0,478.0
60.0,-15.38,-157597.0,478.0
60.0,-15.38,-157414.0,477.0
60.0,-15.38,-158167.0,478.0
60.0,-15.38,-157668.0,477.0
60.0,-15.38,-157635.0,477.0
60.0,-15.38,-157654.0,478.0
60.0,-15.38,-157645.0,478.0
60.0,-15.38,-157498.0,478.0
50.0,-28.94,-278363.0,434.0
50.0,-28.94,-278478.0,434.0
50.0,-28.94,-279061.0,434.0
50.0,-28.94,-279538.0,434.0
50.0,-28.94,-278963.0,434.0
50.0,-28.94,-278896.0,434.0
50.0,-28.94,-278443.0,434.0
50.0,-28.94,-279128.0,434.0
50.0,-28.94,-279463.0,434.0
50.0,-28.94,-278912.0,434.0
50.0,-28.94,-278807.0,434.0
50.0,-28.94,-278244.0,434.0
50.0,-28.94,-278669.0,434.0
50.0,-28.94,-279134.0,434.0
50.0,-28.94,-279083.0,434.0
50.0,-28.94,-278984.0,434.0
50.0,-28.94,-278961.0,433.0
50.0,-28.94,-278374.0,434.0
50.0,-28.94,-278089.0,434.0
50.0,-28.94,-277784.0,434.0
50.0,-28.94,-278173.0,434.0
50.0,-28.94,-278152.0,434.0
50.0,-28.94,-278131.0,434.0
50.0,-28.94,-278608.0,434.0
50.0,-28.94,-279409.0,434.0
50.0,-28.94,-279472.0,434.0
50.0,-28.94,-278853.0,434.0
50.0,-28.94,-279116.0,434.0
50.0,-28.94,-279407.0,433.0
50.0,-28.94,-279622.0,434.0
50.0,-28.94,-279537.0,434.0
50.0,-28.94,-279952.0,434.0
50.0,-28.94,-280601.0,434.0
50.0,-28.94,-280658.0,434.0
50.0,-28.94,-280021.0,434.0
50.0,-28.94,-280920.0,434.0
50.0,-28.94,-280279.0,435.0
50.0,-28.94,-280486.0,434.0
50.0,-28.94,-280877.0,434.0
50.0,-28.94,-280736.0,434.0
50.0,-28.94,-279621.0,433.0
50.0,-28.94,-279894.0,434.0
50.0,-28.94,-279213.0,434.0
50.0,-28.94,-278148.0,433.0
50.0,-28.94,-277885.0,434.0
50.0,-28.94,-278258.0,434.0
50.0,-28.94,-278235.0,433.0
50.0,-28.94,-277644.0,434.0
50.0,-28.94,-277281.0,434.0
50.0,-28.94,-278012.0,434.0
40.0,-43.88,-409199.0,385.0
40.0,-43.88,-408500.0,385.0
40.0,-43.88,-408303.0,385.0
40.0,-43.88,-408192.0,385.0
40.0,-43.88,-409045.0,385.0
40.0,-43.88,-408842.0,385.0
40.0,-43.88,-408647.0,385.0
40.0,-43.88,-409160.0,385.0
40.0,-43.88,-407805.0,385.0
40.0,-43.88,-407582.0,385.0
40.0,-43.88,-407443.0,386.0
40.0,-43.88,-407246.0,386.0
40.0,-43.88,-407997.0,386.0
40.0,-43.88,-407266.0,385.0
40.0,-43.88,-407835.0,386.0
40.0,-43.88,-408100.0,385.0
40.0,-43.88,-407879.0,385.0
40.0,-43.88,-407266.0,385.0
40.0,-43.88,-406863.0,385.0
40.0,-43.88,-406728.0,386.0
40.0,-43.88,-407085.0,386.0
40.0,-43.88,-407744.0,386.0
40.0,-43.88,-407621.0,386.0
40.0,-43.88,-407476.0,386.0
40.0,-43.88,-406355.0,386.0
40.0,-43.88,-406464.0,385.0
40.0,-43.88,-406137.0,385.0
40.0,-43.88,-406014.0,386.0
40.0,-43.88,-405809.0,385.0
40.0,-43.88,-406402.0,386.0
40.0,-43.88,-406449.0,385.0
40.0,-43.88,-406316.0,386.0
40.0,-43.88,-405691.0,386.0
40.0,-43.88,-405854.0,385.0
40.0,-43.88,-406601.0,385.0
40.0,-43.88,-406710.0,385.0
40.0,-43.88,-406413.0,385.0
40.0,-43.88,-405998.0,385.0
40.0,-43.88,-404821.0,385.0
40.0,-43.88,-404772.0,386.0
40.0,-43.88,-404959.0,386.0
40.0,-43.88,-404352.0,386.0
40.0,-43.88,-404423.0,384.0
40.0,-43.88,-404202.0,385.0
40.0,-43.88,-403331.0,385.0
40.0,-43.88,-404636.0,385.0
40.0,-43.88,-404951.0,385.0
40.0,-43.88,-403682.0,386.0
40.0,-43.88,-403809.0,385.0
40.0,-43.88,-405030.0,385.0
30.0,-58.5,-544023.0,337.0
30.0,-58.5,-543984.0,338.0
30.0,-58.5,-543807.0,338.0
30.0,-58.5,-544038.0,338.0
30.0,-58.5,-543123.0,337.0
30.0,-58.5,-541594.0,337.0
30.0,-58.5,-541425.0,337.0
30.0,-58.5,-541488.0,337.0
30.0,-58.5,-542185.0,337.0
30.0,-58.5,-542156.0,337.0
30.0,-58.5,-542179.0,337.0
30.0,-58.56,-542644.0,337.0
30.0,-58.56,-542387.0,337.0
30.0,-58.56,-542846.0,337.0
30.0,-58.56,-542235.0,337.0
30.0,-58.5,-542024.0,337.0
30.0,-58.5,-542013.0,337.0
30.0,-58.44,-541804.0,338.0
30.0,-58.44,-540771.0,337.0
30.0,-58.38,-540696.0,337.0
30.0,-58.38,-541407.0,337.0
30.0,-58.38,-539788.0,337.0
30.0,-58.31,-539883.0,337.0
30.0,-58.31,-540068.0,337.0
30.0,-58.31,-539795.0,337.0
30.0,-58.31,-540924.0,337.0
30.0,-58.31,-540979.0,338.0
30.0,-58.31,-540110.0,337.0
30.0,-58.31,-540273.0,337.0
30.0,-58.31,-540842.0,337.0
30.0,-58.31,-540849.0,337.0
30.0,-58.31,-540318.0,337.0
30.0,-58.31,-540723.0,337.0
30.0,-58.31,-540626.0,337.0
30.0,-58.31,-540129.0,337.0
30.0,-58.31,-541304.0,337.0
30.0,-58.31,-541079.0,337.0
30.0,-58.31,-540728.0,337.0
30.0,-58.31,-540515.0,337.0
30.0,-58.31,-539806.0,337.0
30.0,-58.31,-540243.0,337.0
30.0,-58.31,-540734.0,337.0
30.0,-58.31,-539441.0,338.0
30.0,-58.31,-539682.0,337.0
30.0,-58.31,-539179.0,337.0
30.0,-58.31,-539168.0,337.0
30.0,-58.31,-539347.0,337.0
30.0,-58.31,-539330.0,337.0
30.0,-58.31,-540201.0,337.0
30.0,-58.31,-541048.0,337.0
20.0,-71.69,-713381.0,290.0
20.0,-71.69,-714394.0,290.0
20.0,-71.69,-714273.0,290.0
20.0,-71.69,-713896.0,290.0
20.0,-71.69,-713107.0,290.0
20.0,-71.69,-712758.0,290.0
20.0,-71.69,-713139.0,291.0
20.0,-71.69,-713446.0,290.0
20.0,-71.69,-713527.0,294.0
20.0,-71.0,-712618.0,293.0
20.0,-71.0,-706803.0,292.0
20.0,-71.0,-705430.0,292.0
20.0,-71.0,-705353.0,293.0
20.0,-71.0,-705300.0,293.0
20.0,-71.0,-705689.0,293.0
20.0,-71.0,-705230.0,293.0
20.0,-71.0,-705261.0,292.0
20.0,-71.0,-705454.0,293.0
20.0,-71.0,-705869.0,293.0
20.0,-71.0,-706336.0,293.0
20.0,-71.0,-705317.0,292.0
20.0,-71.0,-705164.0,292.0
20.0,-71.0,-706471.0,293.0
20.0,-71.0,-706408.0,293.0
20.0,-71.0,-707457.0,293.0
20.0,-71.0,-707238.0,293.0
20.0,-71.0,-706389.0,293.0
20.0,-71.0,-706662.0,293.0
20.0,-71.0,-706381.0,293.0
20.0,-71.0,-705674.0,293.0
20.0,-71.0,-705831.0,293.0
20.0,-71.0,-705842.0,293.0
20.0,-71.0,-705325.0,293.0
20.0,-71.0,-705906.0,293.0
20.0,-71.0,-705973.0,292.0
20.0,-71.0,-706206.0,293.0
20.0,-71.0,-706593.0,293.0
20.0,-71.0,-705818.0,293.0
20.0,-71.0,-705403.0,293.0
20.0,-71.0,-706054.0,292.0
20.0,-71.0,-706045.0,293.0
20.0,-71.0,-705550.0,292.0
20.0,-71.0,-706363.0,293.0
20.0,-71.0,-706374.0,293.0
20.0,-71.0,-707491.0,293.0
20.0,-71.0,-706840.0,293.0
20.0,-71.0,-707139.0,293.0
20.0,-71.0,-707430.0,293.0
20.0,-71.0,-708199.0,293.0
20.0,-71.0,-708138.0,293.0
10.0,-84.31,-982999.0,245.0
10.0,-84.31,-984358.0,245.0
10.0,-84.31,-986863.0,245.0
10.0,-84.31,-986760.0,245.0
10.0,-84.31,-987551.0,245.0
10.0,-84.31,-989310.0,245.0
10.0,-84.31,-990527.0,245.0
10.0,-84.31,-991912.0,245.0
10.0,-84.31,-992781.0,246.0
10.0,-84.31,-993648.0,246.0
10.0,-84.31,-993751.0,245.0
10.0,-84.31,-994488.0,245.0
10.0,-84.31,-994903.0,245.0
10.0,-84.31,-995070.0,245.0
10.0,-84.31,-995665.0,245.0
10.0,-84.31,-996430.0,245.0
10.0,-84.31,-996259.0,245.0
10.0,-84.31,-995778.0,245.0
10.0,-84.31,-995713.0,245.0
10.0,-84.31,-996012.0,245.0
10.0,-84.31,-996467.0,245.0
10.0,-84.31,-997514.0,245.0
10.0,-84.31,-998693.0,245.0
10.0,-84.31,-999304.0,245.0
10.0,-84.31,-1000629.0,245.0
10.0,-84.31,-999792.0,245.0
10.0,-84.31,-999351.0,245.0
10.0,-84.31,-999292.0,245.0
10.0,-84.31,-999113.0,245.0
10.0,-84.31,-999250.0,245.0
10.0,-84.31,-1000143.0,245.0
10.0,-84.31,-1000332.0,246.0
10.0,-84.31,-999521.0,245.0
10.0,-84.31,-999520.0,245.0
10.0,-84.31,-999813.0,245.0
10.0,-84.31,-1000618.0,245.0
10.0,-84.31,-1000745.0,246.0
10.0,-84.31,-1001648.0,245.0
10.0,-84.31,-1001415.0,246.0
10.0,-84.31,-1002768.0,245.0
10.0,-84.31,-1002837.0,245.0
10.0,-84.31,-1002466.0,245.0
10.0,-84.31,-1002727.0,245.0
10.0,-84.31,-1003058.0,246.0
10.0,-84.31,-1003163.0,245.0
10.0,-84.31,-1003796.0,245.0
10.0,-84.31,-1003717.0,245.0
10.0,-84.31,-1003484.0,245.0
10.0,-84.31,-1004331.0,245.0
10.0,-84.31,-1004678.0,245.0
20.0,-72.06,-759843.0,290.0
20.0,-72.06,-761114.0,289.0
20.0,-72.06,-761075.0,289.0
20.0,-72.06,-760726.0,289.0
20.0,-72.06,-760711.0,288.0
20.0,-72.06,-760776.0,288.0
20.0,-72.06,-760677.0,289.0
20.0,-72.06,-759910.0,289.0
20.0,-72.06,-759465.0,289.0
20.0,-72.06,-759856.0,289.0
20.0,-72.06,-759825.0,289.0
20.0,-72.06,-759912.0,289.0
20.0,-72.06,-760997.0,289.0
20.0,-72.06,-760862.0,289.0
20.0,-72.06,-760991.0,289.0
20.0,-72.06,-761388.0,289.0
20.0,-72.06,-761409.0,289.0
20.0,-72.06,-760848.0,289.0
20.0,-72.06,-761415.0,289.0
20.0,-72.06,-760752.0,288.0
20.0,-72.06,-760723.0,289.0
20.0,-72.06,-760102.0,288.0
20.0,-72.06,-760469.0,289.0
20.0,-72.06,-760880.0,288.0
20.0,-72.06,-760925.0,289.0
20.0,-72.06,-760758.0,289.0
20.0,-72.06,-761151.0,289.0
20.0,-72.06,-761698.0,289.0
20.0,-72.06,-761187.0,289.0
20.0,-72.06,-760862.0,289.0
20.0,-72.06,-760161.0,288.0
20.0,-72.06,-760180.0,289.0
20.0,-72.06,-760553.0,289.0
20.0,-72.06,-761272.0,289.0
20.0,-72.06,-760331.0,289.0
20.0,-72.06,-760726.0,289.0
20.0,-72.06,-761257.0,289.0
20.0,-72.06,-760854.0,289.0
20.0,-72.06,-760933.0,289.0
20.0,-72.06,-761108.0,289.0
20.0,-72.06,-761083.0,289.0
20.0,-72.06,-760912.0,289.0
20.0,-72.06,-760463.0,289.0
20.0,-72.06,-760682.0,289.0
20.0,-72.06,-759787.0,289.0
20.0,-72.06,-759928.0,289.0
20.0,-72.06,-759611.0,289.0
20.0,-72.06,-759848.0,288.0
20.0,-72.06,-759723.0,288.0
20.0,-72.06,-760058.0,289.0
30.0,-59.19,-599489.0,336.0
30.0,-59.19,-599154.0,335.0
30.0,-59.19,-598985.0,335.0
30.0,-59.19,-599074.0,335.0
30.0,-59.19,-599119.0,335.0
30.0,-59.19,-599698.0,335.0
30.0,-59.19,-600671.0,334.0
30.0,-59.19,-600622.0,335.0
30.0,-59.19,-600603.0,335.0
30.0,-59.19,-600810.0,335.0
30.0,-59.19,-601001.0,335.0
30.0,-59.19,-601506.0,335.0
30.0,-59.19,-601739.0,335.0
30.0,-59.19,-601096.0,335.0
30.0,-59.19,-599921.0,335.0
30.0,-59.19,-600108.0,335.0
30.0,-59.19,-600887.0,335.0
30.0,-59.19,-601222.0,335.0
30.0,-59.19,-601429.0,335.0
30.0,-59.19,-601832.0,335.0
30.0,-59.19,-600741.0,336.0
30.0,-59.19,-600524.0,335.0
30.0,-59.19,-600737.0,335.0
30.0,-59.19,-600656.0,335.0
30.0,-59.19,-599997.0,335.0
30.0,-59.19,-599574.0,335.0
30.0,-59.19,-599625.0,335.0
30.0,-59.19,-599648.0,335.0
30.0,-59.19,-599771.0,335.0
30.0,-59.19,-599960.0,335.0
30.0,-59.19,-599545.0,335.0
30.0,-59.19,-598608.0,335.0
30.0,-59.19,-598703.0,335.0
30.0,-59.19,-598722.0,335.0
30.0,-59.19,-598751.0,335.0
30.0,-59.19,-597982.0,335.0
30.0,-59.19,-598077.0,335.0
30.0,-59.19,-599494.0,335.0
30.0,-59.19,-599327.0,335.0
30.0,-59.19,-599258.0,335.0
30.0,-59.19,-599403.0,335.0
30.0,-59.19,-599524.0,335.0
30.0,-59.19,-599221.0,335.0
30.0,-59.19,-599390.0,335.0
30.0,-59.19,-599577.0,335.0
30.0,-59.19,-599846.0,335.0
30.0,-59.19,-599349.0,335.0
30.0,-59.19,-599382.0,335.0
30.0,-59.19,-598509.0,335.0
30.0,-59.19,-598722.0,334.0
40.0,-45.0,-485667.0,381.0
40.0,-45.0,-486408.0,382.0
40.0,-45.0,-487311.0,382.0
40.0,-45.0,-487666.0,382.0
40.0,-45.0,-487439.0,381.0
40.0,-45.0,-486790.0,381.0
40.0,-45.0,-487277.0,382.0
40.0,-45.0,-488072.0,382.0
40.0,-45.0,-487975.0,381.0
40.0,-45.0,-487106.0,382.0
40.0,-45.0,-486729.0,381.0
40.0,-45.0,-488116.0,381.0
40.0,-45.0,-488375.0,382.0
40.0,-45.0,-487906.0,382.0
40.0,-45.0,-487937.0,381.0
40.0,-45.0,-488286.0,381.0
40.0,-45.0,-488215.0,381.0
40.0,-45.0,-488970.0,382.0
40.0,-45.0,-488811.0,381.0
40.0,-45.0,-487990.0,382.0
40.0,-45.0,-487811.0,381.0
40.0,-45.0,-488080.0,382.0
40.0,-45.0,-489281.0,381.0
40.0,-45.0,-489398.0,381.0
40.0,-45.0,-489669.0,382.0
40.0,-45.0,-489586.0,382.0
40.0,-45.0,-489773.0,382.0
40.0,-45.0,-488818.0,382.0
40.0,-45.0,-488909.0,381.0
40.0,-45.0,-489312.0,382.0
40.0,-45.0,-490205.0,382.0
40.0,-45.0,-489920.0,382.0
40.0,-45.0,-489541.0,382.0
40.0,-45.0,-489980.0,382.0
40.0,-45.0,-489139.0,381.0
40.0,-45.0,-488866.0,381.0
40.0,-45.0,-488359.0,381.0
40.0,-45.0,-488708.0,381.0
40.0,-45.0,-489555.0,381.0
40.0,-45.0,-490262.0,381.0
40.0,-45.0,-490023.0,381.0
40.0,-45.0,-489252.0,382.0
40.0,-45.0,-489115.0,382.0
40.0,-45.0,-490170.0,382.0
40.0,-45.0,-490833.0,382.0
40.0,-45.0,-490652.0,382.0
40.0,-45.0,-489971.0,381.0
40.0,-45.0,-490202.0,381.0
40.0,-45.0,-489689.0,381.0
40.0,-45.0,-489516.0,381.0
50.0,-30.75,-380107.0,428.0
50.0,-30.75,-380016.0,428.0
50.0,-30.75,-378681.0,427.0
50.0,-30.75,-378406.0,428.0
50.0,-30.75,-378373.0,428.0
50.0,-30.75,-378354.0,428.0
50.0,-30.75,-377025.0,427.0
50.0,-30.75,-377434.0,428.0
50.0,-30.75,-378559.0,428.0
50.0,-30.75,-378736.0,428.0
50.0,-30.75,-378065.0,428.0
50.0,-30.75,-377912.0,428.0
50.0,-30.75,-377605.0,427.0
50.0,-30.75,-376974.0,428.0
50.0,-30.75,-375949.0,427.0
50.0,-30.75,-375510.0,428.0
50.0,-30.75,-375771.0,428.0
50.0,-30.75,-376508.0,427.0
50.0,-30.75,-376083.0,427.0
50.0,-30.75,-375958.0,430.0
50.0,-29.87,-375559.0,431.0
50.0,-29.87,-370002.0,431.0
50.0,-29.87,-369799.0,431.0
50.0,-29.87,-369130.0,430.0
50.0,-29.87,-368735.0,431.0
50.0,-29.87,-368720.0,431.0
50.0,-29.87,-367737.0,430.0
50.0,-29.87,-367740.0,431.0
50.0,-29.87,-367119.0,431.0
50.0,-29.87,-366842.0,430.0
50.0,-29.87,-366403.0,430.0
50.0,-29.87,-366636.0,430.0
50.0,-29.87,-367655.0,431.0
50.0,-29.87,-366658.0,431.0
50.0,-29.87,-366607.0,430.0
50.0,-29.87,-367358.0,430.0
50.0,-29.87,-368005.0,430.0
50.0,-29.87,-367298.0,431.0
50.0,-29.87,-368857.0,431.0
50.0,-29.87,-369536.0,430.0
50.0,-29.87,-369203.0,431.0
50.0,-29.87,-369130.0,431.0
50.0,-29.87,-368899.0,431.0
50.0,-29.87,-368588.0,430.0
50.0,-29.87,-368685.0,431.0
50.0,-29.87,-367958.0,431.0
50.0,-29.87,-367371.0,430.0
50.0,-29.87,-366786.0,431.0
50.0,-29.87,-366507.0,430.0
50.0,-29.87,-366078.0,431.0
60.0,-16.81,-221285.0,474.0
60.0,-16.81,-219060.0,473.0
60.0,-16.81,-219147.0,473.0
60.0,-16.81,-221228.0,473.0
60.0,-16.81,-220711.0,474.0
60.0,-16.81,-220712.0,473.0
60.0,-16.81,-221169.0,473.0
60.0,-16.81,-221092.0,474.0
60.0,-16.81,-220943.0,473.0
60.0,-16.81,-221012.0,473.0
60.0,-16.81,-222327.0,473.0
60.0,-16.81,-222216.0,473.0
60.0,-16.81,-221665.0,473.0
60.0,-16.81,-222010.0,474.0
60.0,-16.81,-221345.0,473.0
60.0,-16.81,-222208.0,473.0
60.0,-16.81,-221763.0,474.0
60.0,-16.81,-220822.0,473.0
60.0,-16.81,-220739.0,474.0
60.0,-16.81,-221102.0,473.0
60.0,-16.81,-221851.0,473.0
60.0,-16.81,-222658.0,474.0
60.0,-16.81,-222707.0,474.0
60.0,-16.81,-221972.0,473.0
60.0,-16.81,-221917.0,473.0
60.0,-16.81,-222334.0,473.0
60.0,-16.81,-221801.0,473.0
60.0,-16.81,-220568.0,474.0
60.0,-16.81,-220957.0,474.0
60.0,-16.81,-220510.0,473.0
60.0,-16.81,-220547.0,474.0
60.0,-16.81,-220652.0,474.0
60.0,-16.81,-219693.0,474.0
60.0,-16.81,-220356.0,474.0
60.0,-16.81,-219719.0,474.0
60.0,-16.81,-219782.0,474.0
60.0,-16.81,-220357.0,474.0
60.0,-16.81,-219570.0,473.0
60.0,-16.81,-218629.0,473.0
60.0,-16.81,-219174.0,474.0
60.0,-16.81,-219225.0,474.0
60.0,-16.81,-219626.0,473.0
60.0,-16.81,-220047.0,473.0
60.0,-16.81,-220146.0,474.0
60.0,-16.81,-219419.0,473.0
60.0,-16.81,-218976.0,474.0
60.0,-16.81,-219605.0,474.0
60.0,-16.81,-219122.0,473.0
60.0,-16.81,-219081.0,473.0
60.0,-16.81,-219886.0,473.0
70.0,-3.13,-102719.0,517.0
70.0,-3.13,-101908.0,516.0
70.0,-3.13,-101619.0,516.0
70.0,-3.13,-100052.0,516.0
70.0,-3.13,-100093.0,516.0
70.0,-3.13,-100608.0,516.0
70.0,-3.13,-100771.0,516.0
70.0,-3.13,-100730.0,517.0
70.0,-3.13,-100787.0,516.0
70.0,-3.13,-101186.0,517.0
70.0,-3.13,-101353.0,516.0
70.0,-3.13,-100528.0,517.0
70.0,-3.13,-100113.0,516.0
70.0,-3.13,-100172.0,516.0
70.0,-3.13,-101251.0,517.0
70.0,-3.13,-101736.0,516.0
70.0,-3.13,-101831.0,516.0
70.0,-3.13,-102258.0,517.0
70.0,-3.13,-100627.0,517.0
70.0,-3.13,-100182.0,516.0
70.0,-3.13,-99543.0,516.0
70.0,-3.13,-99822.0,517.0
70.0,-3.13,-101603.0,516.0
70.0,-3.13,-102216.0,517.0
70.0,-3.13,-101585.0,517.0
70.0,-3.13,-101340.0,517.0
70.0,-3.13,-100561.0,516.0
70.0,-3.13,-99586.0,516.0
70.0,-3.13,-100259.0,516.0
70.0,-3.13,-101352.0,517.0
70.0,-3.13,-101315.0,517.0
70.0,-3.13,-102150.0,516.0
70.0,-3.13,-102803.0,516.0
70.0,-3.13,-102594.0,516.0
70.0,-3.13,-103043.0,517.0
70.0,-3.13,-103460.0,516.0
70.0,-3.06,-103481.0,516.0
70.0,-3.06,-103344.0,516.0
70.0,-3.06,-103435.0,516.0
70.0,-3.0,-104744.0,517.0
70.0,-3.0,-105203.0,516.0
70.0,-3.0,-106128.0,517.0
70.0,-3.0,-106727.0,516.0
70.0,-3.0,-107186.0,516.0
70.0,-3.0,-108029.0,517.0
70.0,-3.0,-109148.0,517.0
70.0,-3.0,-110059.0,517.0
70.0,-3.0,-110492.0,517.0
70.0,-3.0,-112173.0,517.0
70.0,-3.0,-111796.0,517.0
